id,chrono,label,facet
B0001,TRB1,TRB Baalberge,TRB Baalberge
B0006,TRB2,TRB Boleraz/Saalzmuende,TRB Boleraz/Saalzmuende
B0007,TRB1,TRB Baalberge,TRB Baalberge
B0010,SBK2,SBK Late,SBK Late/LgK I
B0010,TRB1,TRB Baalberge,TRB Baalberge
B0012,SBK2,SBK Late,SBK Late/LgK I
B0016,LgK2,LgK II,LgK II
B0017,TRB1,TRB Baalberge,TRB Baalberge
B0019,LgK2,LgK II,LgK II
B0019,TRB1,TRB Baalberge,TRB Baalberge
B0021,ENE0,Jordanow,Proto Ene.
B0026,ENE0,Jordanow,Proto Ene.
B0040,SBK2,SBK Late,SBK Late/LgK I
B0041,SBK2,SBK Late,SBK Late/LgK I
B0041,LgK2,LgK II,LgK II
B0043,TRB1,TRB Baalberge,TRB Baalberge
B0044,SBK2,SBK Late,SBK Late/LgK I
B0045,SBK2,SBK Late,SBK Late/LgK I
B0046,LgK2,LgK II,LgK II
B0046,ENE0,Jordanow,Proto Ene.
B0046,TRB1,TRB Baalberge,TRB Baalberge
B0054,TRB1,TRB Baalberge,TRB Baalberge
B0055,ENE0,Jordanow,Proto Ene.
B0063,SBK2,SBK Late,SBK Late/LgK I
B0064,LgK2,LgK II,LgK II
B0067,SBK1,SBK Early,SBK Early
B0067,LgK2,LgK II,LgK II
B0067,TRB2,TRB Boleraz/Saalzmuende,TRB Boleraz/Saalzmuende
B0068,LgK2,LgK II,LgK II
B0068,TRB1,TRB Baalberge,TRB Baalberge
B0068,TRB2,TRB Boleraz/Saalzmuende,TRB Boleraz/Saalzmuende
B0071,LgK2,LgK II,LgK II
B0073,SBK2,SBK Late,SBK Late/LgK I
B0073,ENE0,Jordanow,Proto Ene.
B0076,SBK2,SBK Late,SBK Late/LgK I
B0077,SBK2,SBK Late,SBK Late/LgK I
B0078,SBK2,SBK Late,SBK Late/LgK I
B0081,ENE0,Jordanow,Proto Ene.
B0086,SBK1,SBK Early,SBK Early
B0088,ENE0,Jordanow,Proto Ene.
B0092,SBK1,SBK Early,SBK Early
B0092,SBK2,SBK Late,SBK Late/LgK I
B0093,SBK1,SBK Early,SBK Early
B0093,TRB1,TRB Baalberge,TRB Baalberge
B0093,TRB2,TRB Boleraz/Saalzmuende,TRB Boleraz/Saalzmuende
B0094,SBK1,SBK Early,SBK Early
B0098,SBK1,SBK Early,SBK Early
B0101,LgK2,LgK II,LgK II
B0102,ENE0,Jordanow,Proto Ene.
B0103,SBK2,SBK Late,SBK Late/LgK I
B0106,SBK2,SBK Late,SBK Late/LgK I
B0109,SBK2,SBK Late,SBK Late/LgK I
B0114,ENE0,Jordanow,Proto Ene.
B0117,SBK2,SBK Late,SBK Late/LgK I
B0118,LgK2,LgK II,LgK II
B0120,LgK2,LgK II,LgK II
B0121,SBK2,SBK Late,SBK Late/LgK I
B0124,TRB1,TRB Baalberge,TRB Baalberge
B0125,TRB1,TRB Baalberge,TRB Baalberge
B0125,TRB2,TRB Boleraz/Saalzmuende,TRB Boleraz/Saalzmuende
B0126,ENE0,Jordanow,Proto Ene.
B0126,TRB1,TRB Baalberge,TRB Baalberge
B0127,ENE0,Jordanow,Proto Ene.
B0127,TRB1,TRB Baalberge,TRB Baalberge
B0127,TRB2,TRB Boleraz/Saalzmuende,TRB Boleraz/Saalzmuende
B0131,SBK1,SBK Early,SBK Early
B0131,ENE0,Jordanow,Proto Ene.
B0134,ENE0,Jordanow,Proto Ene.
B0142,SBK1,SBK Early,SBK Early
B0143,LgK2,LgK II,LgK II
B0144,SBK2,SBK Late,SBK Late/LgK I
B0145,SBK2,SBK Late,SBK Late/LgK I
B0146,SBK2,SBK Late,SBK Late/LgK I
B0157,SBK1,SBK Early,SBK Early
B0159,SBK2,SBK Late,SBK Late/LgK I
B0159,LgK2,LgK II,LgK II
B0162,SBK2,SBK Late,SBK Late/LgK I
B0164,SBK2,SBK Late,SBK Late/LgK I
B0165,ENE0,Jordanow,Proto Ene.
B0167,SBK1,SBK Early,SBK Early
B0167,SBK2,SBK Late,SBK Late/LgK I
B0167,ENE0,Jordanow,Proto Ene.
B0168,SBK2,SBK Late,SBK Late/LgK I
B0169,TRB1,TRB Baalberge,TRB Baalberge
B0171,SBK2,SBK Late,SBK Late/LgK I
B0173,SBK2,SBK Late,SBK Late/LgK I
B0174,SBK2,SBK Late,SBK Late/LgK I
B0177,SBK1,SBK Early,SBK Early
B0178,TRB1,TRB Baalberge,TRB Baalberge
B0180,LgK2,LgK II,LgK II
B0181,ENE0,Jordanow,Proto Ene.
B0182,SBK2,SBK Late,SBK Late/LgK I
B0182,TRB1,TRB Baalberge,TRB Baalberge
B0184,LgK2,LgK II,LgK II
B0186,ENE0,Jordanow,Proto Ene.
B0187,SBK2,SBK Late,SBK Late/LgK I
B0188,SBK2,SBK Late,SBK Late/LgK I
B0189,LgK2,LgK II,LgK II
B0189,TRB1,TRB Baalberge,TRB Baalberge
B0190,SBK2,SBK Late,SBK Late/LgK I
B0191,SBK1,SBK Early,SBK Early
B0191,SBK2,SBK Late,SBK Late/LgK I
B0192,LgK2,LgK II,LgK II
B0193,SBK2,SBK Late,SBK Late/LgK I
B0193,LgK2,LgK II,LgK II
B0193,TRB1,TRB Baalberge,TRB Baalberge
B0194,SBK2,SBK Late,SBK Late/LgK I
B0195,SBK1,SBK Early,SBK Early
B0195,SBK2,SBK Late,SBK Late/LgK I
B0196,SBK2,SBK Late,SBK Late/LgK I
B0197,TRB1,TRB Baalberge,TRB Baalberge
B0200,SBK2,SBK Late,SBK Late/LgK I
B0201,SBK1,SBK Early,SBK Early
B0201,SBK2,SBK Late,SBK Late/LgK I
B0201,ENE0,Jordanow,Proto Ene.
B0202,SBK2,SBK Late,SBK Late/LgK I
B0204,LgK2,LgK II,LgK II
B0204,ENE0,Jordanow,Proto Ene.
B0204,TRB1,TRB Baalberge,TRB Baalberge
B0206,ENE0,Jordanow,Proto Ene.
B0208,SBK2,SBK Late,SBK Late/LgK I
B0214,SBK1,SBK Early,SBK Early
B0217,TRB2,TRB Boleraz/Saalzmuende,TRB Boleraz/Saalzmuende
B0218,TRB2,TRB Boleraz/Saalzmuende,TRB Boleraz/Saalzmuende
B0221,ENE0,Jordanow,Proto Ene.
B0222,LgK2,LgK II,LgK II
B0223,ENE0,Jordanow,Proto Ene.
B0224,ENE0,Jordanow,Proto Ene.
B0226,SBK1,SBK Early,SBK Early
B0226,SBK2,SBK Late,SBK Late/LgK I
B0227,SBK1,SBK Early,SBK Early
B0227,SBK2,SBK Late,SBK Late/LgK I
B0228,SBK2,SBK Late,SBK Late/LgK I
B0229,SBK2,SBK Late,SBK Late/LgK I
B0229,LgK2,LgK II,LgK II
B0229,ENE0,Jordanow,Proto Ene.
B0230,SBK2,SBK Late,SBK Late/LgK I
B0230,ENE0,Jordanow,Proto Ene.
B0232,SBK2,SBK Late,SBK Late/LgK I
B0238,TRB1,TRB Baalberge,TRB Baalberge
B0240,ENE0,Jordanow,Proto Ene.
B0241,LgK2,LgK II,LgK II
B0241,ENE0,Jordanow,Proto Ene.
B0242,SBK2,SBK Late,SBK Late/LgK I
B0244,SBK2,SBK Late,SBK Late/LgK I
B0244,ENE0,Jordanow,Proto Ene.
B0248,SBK2,SBK Late,SBK Late/LgK I
B0249,SBK1,SBK Early,SBK Early
B0249,SBK2,SBK Late,SBK Late/LgK I
B0249,ENE0,Jordanow,Proto Ene.
B0249,TRB1,TRB Baalberge,TRB Baalberge
B0255,ENE0,Jordanow,Proto Ene.
B0256,ENE0,Jordanow,Proto Ene.
B0259,SBK1,SBK Early,SBK Early
B0262,SBK1,SBK Early,SBK Early
B0263,SBK2,SBK Late,SBK Late/LgK I
B0265,TRB1,TRB Baalberge,TRB Baalberge
B0265,TRB2,TRB Boleraz/Saalzmuende,TRB Boleraz/Saalzmuende
B0268,TRB2,TRB Boleraz/Saalzmuende,TRB Boleraz/Saalzmuende
B0279,ENE0,Jordanow,Proto Ene.
B0281,SBK1,SBK Early,SBK Early
B0283,SBK1,SBK Early,SBK Early
B0285,SBK2,SBK Late,SBK Late/LgK I
B0287,TRB2,TRB Boleraz/Saalzmuende,TRB Boleraz/Saalzmuende
B0288,LgK2,LgK II,LgK II
B0288,ENE0,Jordanow,Proto Ene.
B0289,LgK2,LgK II,LgK II
B0289,ENE0,Jordanow,Proto Ene.
B0290,SBK2,SBK Late,SBK Late/LgK I
B0291,SBK2,SBK Late,SBK Late/LgK I
B0292,SBK1,SBK Early,SBK Early
B0293,TRB2,TRB Boleraz/Saalzmuende,TRB Boleraz/Saalzmuende
B0295,ENE0,Jordanow,Proto Ene.
B0296,SBK1,SBK Early,SBK Early
B0296,SBK2,SBK Late,SBK Late/LgK I
B0303,SBK2,SBK Late,SBK Late/LgK I
B0306,SBK2,SBK Late,SBK Late/LgK I
B0307,SBK2,SBK Late,SBK Late/LgK I
B0307,LgK2,LgK II,LgK II
B0308,SBK2,SBK Late,SBK Late/LgK I
B0308,ENE0,Jordanow,Proto Ene.
B0309,SBK2,SBK Late,SBK Late/LgK I
B0311,SBK2,SBK Late,SBK Late/LgK I
B0311,LgK2,LgK II,LgK II
B0311,ENE0,Jordanow,Proto Ene.
B0312,LgK2,LgK II,LgK II
B0318,ENE0,Jordanow,Proto Ene.
B0322,SBK2,SBK Late,SBK Late/LgK I
B0326,ENE0,Jordanow,Proto Ene.
B0327,SBK2,SBK Late,SBK Late/LgK I
B0328,SBK2,SBK Late,SBK Late/LgK I
B0329,ENE0,Jordanow,Proto Ene.
B0330,TRB2,TRB Boleraz/Saalzmuende,TRB Boleraz/Saalzmuende
B0332,SBK1,SBK Early,SBK Early
B0332,SBK2,SBK Late,SBK Late/LgK I
B0332,ENE0,Jordanow,Proto Ene.
B0336,ENE0,Jordanow,Proto Ene.
B0339,SBK2,SBK Late,SBK Late/LgK I
B0339,ENE0,Jordanow,Proto Ene.
B0339,TRB1,TRB Baalberge,TRB Baalberge
B0339,TRB2,TRB Boleraz/Saalzmuende,TRB Boleraz/Saalzmuende
B0340,ENE0,Jordanow,Proto Ene.
B0341,SBK2,SBK Late,SBK Late/LgK I
B0341,TRB1,TRB Baalberge,TRB Baalberge
B0344,TRB2,TRB Boleraz/Saalzmuende,TRB Boleraz/Saalzmuende
B0346,TRB2,TRB Boleraz/Saalzmuende,TRB Boleraz/Saalzmuende
B0351,SBK1,SBK Early,SBK Early
B0353,SBK2,SBK Late,SBK Late/LgK I
B0353,LgK1,LgK I,SBK Late/LgK I
B0353,LgK2,LgK II,LgK II
B0355,ENE0,Jordanow,Proto Ene.
B0359,LgK2,LgK II,LgK II
B0359,ENE0,Jordanow,Proto Ene.
B0360,SBK2,SBK Late,SBK Late/LgK I
B0362,ENE0,Jordanow,Proto Ene.
B0366,SBK2,SBK Late,SBK Late/LgK I
B0371,ENE0,Jordanow,Proto Ene.
B0372,SBK1,SBK Early,SBK Early
B0372,SBK2,SBK Late,SBK Late/LgK I
B0375,SBK1,SBK Early,SBK Early
B0375,SBK2,SBK Late,SBK Late/LgK I
B0378,ENE0,Jordanow,Proto Ene.
B0380,SBK2,SBK Late,SBK Late/LgK I
B0382,ENE0,Jordanow,Proto Ene.
B0388,SBK2,SBK Late,SBK Late/LgK I
B0390,LgK2,LgK II,LgK II
B0394,ENE0,Jordanow,Proto Ene.
B0395,TRB2,TRB Boleraz/Saalzmuende,TRB Boleraz/Saalzmuende
B0396,TRB1,TRB Baalberge,TRB Baalberge
B0398,SBK2,SBK Late,SBK Late/LgK I
B0399,SBK2,SBK Late,SBK Late/LgK I
B0400,SBK2,SBK Late,SBK Late/LgK I
B0401,SBK2,SBK Late,SBK Late/LgK I
B0402,SBK2,SBK Late,SBK Late/LgK I
B0403,SBK2,SBK Late,SBK Late/LgK I
B0404,SBK2,SBK Late,SBK Late/LgK I
B0405,SBK1,SBK Early,SBK Early
B0405,SBK2,SBK Late,SBK Late/LgK I
B0405,LgK2,LgK II,LgK II
B0406,SBK2,SBK Late,SBK Late/LgK I
B0407,SBK1,SBK Early,SBK Early
B0407,SBK2,SBK Late,SBK Late/LgK I
B0407,LgK2,LgK II,LgK II
B0408,SBK1,SBK Early,SBK Early
B0410,ENE0,Jordanow,Proto Ene.
B0414,LgK2,LgK II,LgK II
B0415,LgK1,LgK I,SBK Late/LgK I
B0415,LgK2,LgK II,LgK II
B0417,ENE0,Jordanow,Proto Ene.
B0422,SBK2,SBK Late,SBK Late/LgK I
B0425,LgK2,LgK II,LgK II
B0426,SBK2,SBK Late,SBK Late/LgK I
B0426,LgK2,LgK II,LgK II
B0427,SBK2,SBK Late,SBK Late/LgK I
B0428,SBK2,SBK Late,SBK Late/LgK I
B0429,SBK2,SBK Late,SBK Late/LgK I
B0429,LgK2,LgK II,LgK II
B0430,SBK2,SBK Late,SBK Late/LgK I
B0431,SBK2,SBK Late,SBK Late/LgK I
B0432,SBK2,SBK Late,SBK Late/LgK I
B0433,SBK2,SBK Late,SBK Late/LgK I
B0433,ENE0,Jordanow,Proto Ene.
B0434,ENE0,Jordanow,Proto Ene.
B0437,SBK2,SBK Late,SBK Late/LgK I
B0444,SBK1,SBK Early,SBK Early
B0444,ENE0,Jordanow,Proto Ene.
B0445,SBK2,SBK Late,SBK Late/LgK I
B0448,SBK2,SBK Late,SBK Late/LgK I
B0449,SBK2,SBK Late,SBK Late/LgK I
B0451,LgK2,LgK II,LgK II
B0453,LgK2,LgK II,LgK II
B0455,SBK2,SBK Late,SBK Late/LgK I
B0456,SBK1,SBK Early,SBK Early
B0456,LgK2,LgK II,LgK II
B0457,LgK2,LgK II,LgK II
B0458,SBK1,SBK Early,SBK Early
B0459,SBK2,SBK Late,SBK Late/LgK I
B0464,ENE0,Jordanow,Proto Ene.
B0465,SBK2,SBK Late,SBK Late/LgK I
B0469,SBK2,SBK Late,SBK Late/LgK I
B0469,LgK2,LgK II,LgK II
B0470,SBK2,SBK Late,SBK Late/LgK I
B0472,SBK2,SBK Late,SBK Late/LgK I
B0472,ENE0,Jordanow,Proto Ene.
B0477,LgK2,LgK II,LgK II
B0478,SBK2,SBK Late,SBK Late/LgK I
B0479,SBK2,SBK Late,SBK Late/LgK I
B0480,SBK2,SBK Late,SBK Late/LgK I
B0488,LgK2,LgK II,LgK II
B0489,SBK2,SBK Late,SBK Late/LgK I
B0490,ENE0,Jordanow,Proto Ene.
B0494,SBK2,SBK Late,SBK Late/LgK I
B0496,SBK1,SBK Early,SBK Early
B0499,SBK1,SBK Early,SBK Early
B0502,SBK2,SBK Late,SBK Late/LgK I
B0506,SBK2,SBK Late,SBK Late/LgK I
B0509,SBK2,SBK Late,SBK Late/LgK I
B0509,TRB1,TRB Baalberge,TRB Baalberge
B0510,SBK2,SBK Late,SBK Late/LgK I
B0511,LgK1,LgK I,SBK Late/LgK I
B0511,LgK2,LgK II,LgK II
B0512,ENE0,Jordanow,Proto Ene.
B0515,ENE0,Jordanow,Proto Ene.
B0518,LgK2,LgK II,LgK II
B0519,LgK2,LgK II,LgK II
B0520,SBK2,SBK Late,SBK Late/LgK I
B0521,ENE0,Jordanow,Proto Ene.
B0525,LgK2,LgK II,LgK II
B0526,SBK2,SBK Late,SBK Late/LgK I
B0530,SBK2,SBK Late,SBK Late/LgK I
B0531,ENE0,Jordanow,Proto Ene.
B0532,SBK2,SBK Late,SBK Late/LgK I
B0534,SBK2,SBK Late,SBK Late/LgK I
B0534,LgK2,LgK II,LgK II
B0536,LgK2,LgK II,LgK II
B0536,ENE0,Jordanow,Proto Ene.
B0539,SBK2,SBK Late,SBK Late/LgK I
B0541,SBK1,SBK Early,SBK Early
B0542,SBK2,SBK Late,SBK Late/LgK I
B0542,LgK2,LgK II,LgK II
B0542,ENE0,Jordanow,Proto Ene.
B0542,TRB1,TRB Baalberge,TRB Baalberge
B0543,LgK2,LgK II,LgK II
B0544,ENE0,Jordanow,Proto Ene.
B0545,SBK2,SBK Late,SBK Late/LgK I
B0552,ENE0,Jordanow,Proto Ene.
B0557,SBK2,SBK Late,SBK Late/LgK I
B0558,SBK2,SBK Late,SBK Late/LgK I
B0559,SBK2,SBK Late,SBK Late/LgK I
B0560,LgK2,LgK II,LgK II
B0563,ENE0,Jordanow,Proto Ene.
B0564,LgK2,LgK II,LgK II
B0564,ENE0,Jordanow,Proto Ene.
B0564,TRB1,TRB Baalberge,TRB Baalberge
B0565,SBK2,SBK Late,SBK Late/LgK I
B0566,SBK2,SBK Late,SBK Late/LgK I
B0567,SBK2,SBK Late,SBK Late/LgK I
B0570,TRB2,TRB Boleraz/Saalzmuende,TRB Boleraz/Saalzmuende
B0571,ENE0,Jordanow,Proto Ene.
B0576,SBK1,SBK Early,SBK Early
B0578,ENE0,Jordanow,Proto Ene.
B0581,TRB2,TRB Boleraz/Saalzmuende,TRB Boleraz/Saalzmuende
B0583,ENE0,Jordanow,Proto Ene.
B0585,ENE0,Jordanow,Proto Ene.
B0586,ENE0,Jordanow,Proto Ene.
B0587,ENE0,Jordanow,Proto Ene.
B0590,ENE0,Jordanow,Proto Ene.
B0593,ENE0,Jordanow,Proto Ene.
B0595,ENE0,Jordanow,Proto Ene.
B0596,SBK2,SBK Late,SBK Late/LgK I
B0599,ENE0,Jordanow,Proto Ene.
B0607,ENE0,Jordanow,Proto Ene.
B0613,TRB1,TRB Baalberge,TRB Baalberge
B0614,ENE0,Jordanow,Proto Ene.
M0001,LgK2,LgK II,LgK II
M0002,TRB2,TRB Boleraz/Saalzmuende,TRB Boleraz/Saalzmuende
M0004,TRB2,TRB Boleraz/Saalzmuende,TRB Boleraz/Saalzmuende
M0006,LgK1,LgK I,SBK Late/LgK I
M0007,ENE0,Epi LgK,Proto Ene.
M0008,LgK2,LgK II,LgK II
M0009,LgK1,LgK I,SBK Late/LgK I
M0013,LgK2,LgK II,LgK II
M0016,LgK2,LgK II,LgK II
M0017,LgK2,LgK II,LgK II
M0018,LgK2,LgK II,LgK II
M0021,LgK2,LgK II,LgK II
M0022,LgK2,LgK II,LgK II
M0023,LgK2,LgK II,LgK II
M0026,LgK1,LgK I,SBK Late/LgK I
M0027,ENE0,Epi LgK,Proto Ene.
M0029,LgK2,LgK II,LgK II
M0031,TRB1,TRB Baalberge,TRB Baalberge
M0032,LgK2,LgK II,LgK II
M0033,LgK2,LgK II,LgK II
M0034,LgK2,LgK II,LgK II
M0037,LgK2,LgK II,LgK II
M0039,LgK2,LgK II,LgK II
M0039,TRB1,TRB Baalberge,TRB Baalberge
M0039,TRB2,TRB Boleraz/Saalzmuende,TRB Boleraz/Saalzmuende
M0040,LgK2,LgK II,LgK II
M0043,LgK2,LgK II,LgK II
M0045,LgK2,LgK II,LgK II
M0046,TRB2,TRB Boleraz/Saalzmuende,TRB Boleraz/Saalzmuende
M0051,LgK1,LgK I,SBK Late/LgK I
M0052,LgK1,LgK I,SBK Late/LgK I
M0053,LgK2,LgK II,LgK II
M0054,LgK2,LgK II,LgK II
M0055,SBK1,SBK Early,SBK Early
M0056,LgK2,LgK II,LgK II
M0057,LgK1,LgK I,SBK Late/LgK I
M0058,LgK1,LgK I,SBK Late/LgK I
M0059,LgK1,LgK I,SBK Late/LgK I
M0060,LgK2,LgK II,LgK II
M0061,LgK1,LgK I,SBK Late/LgK I
M0062,LgK2,LgK II,LgK II
M0068,SBK1,SBK Early,SBK Early
M0068,LgK2,LgK II,LgK II
M0072,LgK2,LgK II,LgK II
M0074,LgK2,LgK II,LgK II
M0075,LgK2,LgK II,LgK II
M0076,LgK2,LgK II,LgK II
M0077,LgK2,LgK II,LgK II
M0078,LgK2,LgK II,LgK II
M0079,LgK2,LgK II,LgK II
M0081,LgK2,LgK II,LgK II
M0082,LgK2,LgK II,LgK II
M0082,ENE0,Epi LgK,Proto Ene.
M0083,LgK2,LgK II,LgK II
M0083,ENE0,Epi LgK,Proto Ene.
M0085,LgK2,LgK II,LgK II
M0086,LgK2,LgK II,LgK II
M0087,LgK1,LgK I,SBK Late/LgK I
M0088,LgK1,LgK I,SBK Late/LgK I
M0089,LgK1,LgK I,SBK Late/LgK I
M0090,LgK2,LgK II,LgK II
M0091,TRB2,TRB Boleraz/Saalzmuende,TRB Boleraz/Saalzmuende
M0092,LgK2,LgK II,LgK II
M0092,ENE0,Epi LgK,Proto Ene.
M0093,LgK2,LgK II,LgK II
M0094,TRB1,TRB Baalberge,TRB Baalberge
M0095,LgK2,LgK II,LgK II
M0096,LgK2,LgK II,LgK II
M0099,TRB1,TRB Baalberge,TRB Baalberge
M0102,TRB2,TRB Boleraz/Saalzmuende,TRB Boleraz/Saalzmuende
M0103,TRB1,TRB Baalberge,TRB Baalberge
M0104,LgK2,LgK II,LgK II
M0104,ENE0,Epi LgK,Proto Ene.
M0106,LgK1,LgK I,SBK Late/LgK I
M0107,LgK2,LgK II,LgK II
M0109,SBK1,SBK Early,SBK Early
M0109,LgK2,LgK II,LgK II
M0110,LgK2,LgK II,LgK II
M0110,TRB2,TRB Boleraz/Saalzmuende,TRB Boleraz/Saalzmuende
M0114,LgK2,LgK II,LgK II
M0116,LgK1,LgK I,SBK Late/LgK I
M0117,LgK2,LgK II,LgK II
M0118,LgK1,LgK I,SBK Late/LgK I
M0119,LgK1,LgK I,SBK Late/LgK I
M0120,LgK1,LgK I,SBK Late/LgK I
M0123,LgK2,LgK II,LgK II
M0124,LgK1,LgK I,SBK Late/LgK I
M0126,LgK2,LgK II,LgK II
M0127,TRB2,TRB Boleraz/Saalzmuende,TRB Boleraz/Saalzmuende
M0128,SBK1,SBK Early,SBK Early
M0129,LgK1,LgK I,SBK Late/LgK I
M0130,LgK1,LgK I,SBK Late/LgK I
M0131,LgK2,LgK II,LgK II
M0131,TRB2,TRB Boleraz/Saalzmuende,TRB Boleraz/Saalzmuende
M0132,SBK1,SBK Early,SBK Early
M0132,LgK2,LgK II,LgK II
M0136,LgK2,LgK II,LgK II
M0137,LgK1,LgK I,SBK Late/LgK I
M0138,LgK2,LgK II,LgK II
M0139,LgK2,LgK II,LgK II
M0141,LgK2,LgK II,LgK II
M0143,LgK1,LgK I,SBK Late/LgK I
M0144,LgK2,LgK II,LgK II
M0145,LgK2,LgK II,LgK II
M0146,ENE0,Epi LgK,Proto Ene.
M0147,LgK2,LgK II,LgK II
M0147,TRB1,TRB Baalberge,TRB Baalberge
M0147,TRB2,TRB Boleraz/Saalzmuende,TRB Boleraz/Saalzmuende
M0148,LgK2,LgK II,LgK II
M0148,ENE0,Epi LgK,Proto Ene.
M0148,TRB1,TRB Baalberge,TRB Baalberge
M0148,TRB2,TRB Boleraz/Saalzmuende,TRB Boleraz/Saalzmuende
M0149,LgK2,LgK II,LgK II
M0149,ENE0,Epi LgK,Proto Ene.
M0150,LgK2,LgK II,LgK II
M0152,TRB1,TRB Baalberge,TRB Baalberge
M0153,LgK2,LgK II,LgK II
M0154,LgK2,LgK II,LgK II
M0156,LgK2,LgK II,LgK II
M0157,LgK2,LgK II,LgK II
M0157,ENE0,Epi LgK,Proto Ene.
M0158,LgK2,LgK II,LgK II
M0159,LgK2,LgK II,LgK II
M0160,LgK2,LgK II,LgK II
M0160,ENE0,Epi LgK,Proto Ene.
M0161,LgK2,LgK II,LgK II
M0162,LgK2,LgK II,LgK II
M0163,LgK2,LgK II,LgK II
M0164,TRB1,TRB Baalberge,TRB Baalberge
M0165,LgK2,LgK II,LgK II
M0167,LgK1,LgK I,SBK Late/LgK I
M0167,LgK2,LgK II,LgK II
M0167,TRB2,TRB Boleraz/Saalzmuende,TRB Boleraz/Saalzmuende
M0168,LgK2,LgK II,LgK II
M0168,TRB2,TRB Boleraz/Saalzmuende,TRB Boleraz/Saalzmuende
M0169,LgK2,LgK II,LgK II
M0169,TRB2,TRB Boleraz/Saalzmuende,TRB Boleraz/Saalzmuende
M0170,LgK2,LgK II,LgK II
M0171,LgK2,LgK II,LgK II
M0173,LgK2,LgK II,LgK II
M0173,ENE0,Epi LgK,Proto Ene.
M0177,LgK2,LgK II,LgK II
M0178,LgK2,LgK II,LgK II
M0182,LgK2,LgK II,LgK II
M0183,LgK2,LgK II,LgK II
M0184,LgK2,LgK II,LgK II
M0185,LgK2,LgK II,LgK II
M0186,LgK2,LgK II,LgK II
M0187,LgK2,LgK II,LgK II
M0188,LgK2,LgK II,LgK II
M0189,LgK1,LgK I,SBK Late/LgK I
M0191,LgK2,LgK II,LgK II
M0191,TRB2,TRB Boleraz/Saalzmuende,TRB Boleraz/Saalzmuende
M0192,LgK2,LgK II,LgK II
M0193,LgK2,LgK II,LgK II
M0194,TRB1,TRB Baalberge,TRB Baalberge
M0195,SBK1,SBK Early,SBK Early
M0195,LgK2,LgK II,LgK II
M0195,ENE0,Epi LgK,Proto Ene.
M0196,TRB1,TRB Baalberge,TRB Baalberge
M0197,LgK1,LgK I,SBK Late/LgK I
M0198,TRB2,TRB Boleraz/Saalzmuende,TRB Boleraz/Saalzmuende
M0199,ENE0,Epi LgK,Proto Ene.
M0201,LgK2,LgK II,LgK II
M0202,LgK2,LgK II,LgK II
M0203,LgK2,LgK II,LgK II
M0204,LgK2,LgK II,LgK II
M0204,TRB2,TRB Boleraz/Saalzmuende,TRB Boleraz/Saalzmuende
M0205,LgK2,LgK II,LgK II
M0205,ENE0,Epi LgK,Proto Ene.
M0205,TRB2,TRB Boleraz/Saalzmuende,TRB Boleraz/Saalzmuende
M0206,LgK2,LgK II,LgK II
M0206,TRB1,TRB Baalberge,TRB Baalberge
M0206,TRB2,TRB Boleraz/Saalzmuende,TRB Boleraz/Saalzmuende
M0207,LgK2,LgK II,LgK II
M0208,LgK2,LgK II,LgK II
M0209,LgK2,LgK II,LgK II
M0211,LgK2,LgK II,LgK II
M0211,ENE0,Epi LgK,Proto Ene.
M0212,LgK2,LgK II,LgK II
M0212,ENE0,Epi LgK,Proto Ene.
M0214,LgK2,LgK II,LgK II
M0215,LgK2,LgK II,LgK II
M0215,TRB2,TRB Boleraz/Saalzmuende,TRB Boleraz/Saalzmuende
M0216,LgK2,LgK II,LgK II
M0216,TRB2,TRB Boleraz/Saalzmuende,TRB Boleraz/Saalzmuende
M0218,TRB1,TRB Baalberge,TRB Baalberge
M0218,TRB2,TRB Boleraz/Saalzmuende,TRB Boleraz/Saalzmuende
M0221,LgK2,LgK II,LgK II
M0222,ENE0,Epi LgK,Proto Ene.
M0223,LgK2,LgK II,LgK II
M0224,LgK2,LgK II,LgK II
M0225,LgK2,LgK II,LgK II
M0226,LgK2,LgK II,LgK II
M0227,LgK2,LgK II,LgK II
M0228,ENE0,Epi LgK,Proto Ene.
M0229,LgK2,LgK II,LgK II
M0230,ENE0,Epi LgK,Proto Ene.
M0231,TRB1,TRB Baalberge,TRB Baalberge
M0232,LgK2,LgK II,LgK II
M0233,LgK2,LgK II,LgK II
M0235,LgK2,LgK II,LgK II
M0236,LgK2,LgK II,LgK II
M0236,TRB2,TRB Boleraz/Saalzmuende,TRB Boleraz/Saalzmuende
M0237,LgK2,LgK II,LgK II
M0237,TRB2,TRB Boleraz/Saalzmuende,TRB Boleraz/Saalzmuende
M0238,LgK2,LgK II,LgK II
M0239,LgK2,LgK II,LgK II
M0240,LgK2,LgK II,LgK II
M0241,ENE0,Epi LgK,Proto Ene.
M0242,LgK2,LgK II,LgK II
M0243,LgK2,LgK II,LgK II
M0244,LgK2,LgK II,LgK II
M0245,LgK2,LgK II,LgK II
M0245,ENE0,Epi LgK,Proto Ene.
M0245,TRB1,TRB Baalberge,TRB Baalberge
M0245,TRB2,TRB Boleraz/Saalzmuende,TRB Boleraz/Saalzmuende
M0246,LgK2,LgK II,LgK II
M0247,LgK2,LgK II,LgK II
M0248,LgK2,LgK II,LgK II
M0249,LgK2,LgK II,LgK II
M0250,TRB2,TRB Boleraz/Saalzmuende,TRB Boleraz/Saalzmuende
M0251,TRB1,TRB Baalberge,TRB Baalberge
M0253,LgK2,LgK II,LgK II
M0254,LgK2,LgK II,LgK II
M0255,LgK2,LgK II,LgK II
M0255,ENE0,Epi LgK,Proto Ene.
M0256,TRB2,TRB Boleraz/Saalzmuende,TRB Boleraz/Saalzmuende
M0257,LgK2,LgK II,LgK II
M0258,LgK2,LgK II,LgK II
M0259,LgK2,LgK II,LgK II
M0262,LgK2,LgK II,LgK II
M0263,LgK2,LgK II,LgK II
M0264,ENE0,Epi LgK,Proto Ene.
M0265,LgK1,LgK I,SBK Late/LgK I
M0266,LgK2,LgK II,LgK II
M0267,LgK2,LgK II,LgK II
M0267,ENE0,Epi LgK,Proto Ene.
M0269,TRB1,TRB Baalberge,TRB Baalberge
M0270,LgK2,LgK II,LgK II
M0272,LgK2,LgK II,LgK II
M0275,LgK1,LgK I,SBK Late/LgK I
M0275,LgK2,LgK II,LgK II
M0278,LgK1,LgK I,SBK Late/LgK I
M0279,LgK1,LgK I,SBK Late/LgK I
M0279,ENE0,Epi LgK,Proto Ene.
M0280,LgK1,LgK I,SBK Late/LgK I
M0282,LgK1,LgK I,SBK Late/LgK I
M0283,LgK1,LgK I,SBK Late/LgK I
M0285,LgK2,LgK II,LgK II
M0285,ENE0,Epi LgK,Proto Ene.
M0287,LgK2,LgK II,LgK II
M0288,LgK2,LgK II,LgK II
M0289,LgK2,LgK II,LgK II
M0290,LgK2,LgK II,LgK II
M0291,ENE0,Epi LgK,Proto Ene.
M0292,LgK2,LgK II,LgK II
M0293,LgK2,LgK II,LgK II
M0294,LgK1,LgK I,SBK Late/LgK I
M0294,LgK2,LgK II,LgK II
M0299,LgK1,LgK I,SBK Late/LgK I
M0302,SBK1,SBK Early,SBK Early
M0302,LgK2,LgK II,LgK II
M0302,TRB1,TRB Baalberge,TRB Baalberge
M0304,LgK1,LgK I,SBK Late/LgK I
M0306,LgK1,LgK I,SBK Late/LgK I
M0307,TRB1,TRB Baalberge,TRB Baalberge
M0307,TRB2,TRB Boleraz/Saalzmuende,TRB Boleraz/Saalzmuende
M0309,ENE0,Epi LgK,Proto Ene.
M0309,TRB2,TRB Boleraz/Saalzmuende,TRB Boleraz/Saalzmuende
M0311,LgK2,LgK II,LgK II
M0313,LgK2,LgK II,LgK II
M0313,TRB1,TRB Baalberge,TRB Baalberge
M0315,LgK1,LgK I,SBK Late/LgK I
M0318,LgK1,LgK I,SBK Late/LgK I
M0320,LgK2,LgK II,LgK II
M0320,ENE0,Epi LgK,Proto Ene.
M0320,TRB1,TRB Baalberge,TRB Baalberge
M0324,LgK2,LgK II,LgK II
M0325,LgK2,LgK II,LgK II
M0326,LgK2,LgK II,LgK II
M0327,TRB2,TRB Boleraz/Saalzmuende,TRB Boleraz/Saalzmuende
M0328,LgK2,LgK II,LgK II
M0329,LgK2,LgK II,LgK II
M0330,TRB2,TRB Boleraz/Saalzmuende,TRB Boleraz/Saalzmuende
M0331,LgK1,LgK I,SBK Late/LgK I
M0332,LgK1,LgK I,SBK Late/LgK I
M0332,LgK2,LgK II,LgK II
M0333,LgK2,LgK II,LgK II
M0333,TRB2,TRB Boleraz/Saalzmuende,TRB Boleraz/Saalzmuende
M0334,ENE0,Epi LgK,Proto Ene.
M0336,TRB1,TRB Baalberge,TRB Baalberge
M0337,LgK2,LgK II,LgK II
M0338,LgK2,LgK II,LgK II
M0339,TRB1,TRB Baalberge,TRB Baalberge
M0339,TRB2,TRB Boleraz/Saalzmuende,TRB Boleraz/Saalzmuende
M0340,SBK1,SBK Early,SBK Early
M0340,LgK2,LgK II,LgK II
M0340,ENE0,Epi LgK,Proto Ene.
M0340,TRB1,TRB Baalberge,TRB Baalberge
M0341,LgK2,LgK II,LgK II
M0341,ENE0,Epi LgK,Proto Ene.
M0341,TRB2,TRB Boleraz/Saalzmuende,TRB Boleraz/Saalzmuende
M0342,LgK2,LgK II,LgK II
M0343,SBK1,SBK Early,SBK Early
M0343,LgK2,LgK II,LgK II
M0344,ENE0,Epi LgK,Proto Ene.
M0347,LgK2,LgK II,LgK II
M0348,LgK2,LgK II,LgK II
M0349,LgK2,LgK II,LgK II
M0351,LgK2,LgK II,LgK II
M0352,LgK1,LgK I,SBK Late/LgK I
M0352,ENE0,Epi LgK,Proto Ene.
M0352,TRB1,TRB Baalberge,TRB Baalberge
M0353,LgK2,LgK II,LgK II
M0354,LgK1,LgK I,SBK Late/LgK I
M0356,LgK1,LgK I,SBK Late/LgK I
M0360,LgK2,LgK II,LgK II
M0362,SBK1,SBK Early,SBK Early
M0362,LgK1,LgK I,SBK Late/LgK I
M0363,LgK2,LgK II,LgK II
M0364,SBK1,SBK Early,SBK Early
M0364,LgK2,LgK II,LgK II
M0365,LgK2,LgK II,LgK II
M0366,ENE0,Epi LgK,Proto Ene.
M0367,LgK2,LgK II,LgK II
M0368,SBK1,SBK Early,SBK Early
M0370,LgK1,LgK I,SBK Late/LgK I
M0372,LgK1,LgK I,SBK Late/LgK I
M0373,TRB2,TRB Boleraz/Saalzmuende,TRB Boleraz/Saalzmuende
M0374,SBK1,SBK Early,SBK Early
M0375,LgK2,LgK II,LgK II
M0378,LgK1,LgK I,SBK Late/LgK I
M0378,LgK2,LgK II,LgK II
M0379,LgK1,LgK I,SBK Late/LgK I
M0380,LgK1,LgK I,SBK Late/LgK I
M0382,ENE0,Epi LgK,Proto Ene.
M0383,LgK2,LgK II,LgK II
M0384,LgK2,LgK II,LgK II
M0386,LgK2,LgK II,LgK II
M0387,LgK2,LgK II,LgK II
M0388,ENE0,Epi LgK,Proto Ene.
M0388,TRB1,TRB Baalberge,TRB Baalberge
M0390,LgK2,LgK II,LgK II
M0391,LgK2,LgK II,LgK II
M0393,LgK2,LgK II,LgK II
M0398,LgK2,LgK II,LgK II
M0399,LgK2,LgK II,LgK II
M0401,ENE0,Epi LgK,Proto Ene.
M0401,TRB2,TRB Boleraz/Saalzmuende,TRB Boleraz/Saalzmuende
M0402,SBK1,SBK Early,SBK Early
M0403,LgK2,LgK II,LgK II
M0404,LgK2,LgK II,LgK II
M0405,LgK2,LgK II,LgK II
M0406,LgK2,LgK II,LgK II
M0408,LgK2,LgK II,LgK II
M0409,LgK2,LgK II,LgK II
M0411,SBK1,SBK Early,SBK Early
M0413,LgK2,LgK II,LgK II
M0415,SBK1,SBK Early,SBK Early
M0416,LgK2,LgK II,LgK II
M0421,ENE0,Epi LgK,Proto Ene.
M0422,LgK2,LgK II,LgK II
M0424,TRB1,TRB Baalberge,TRB Baalberge
M0425,LgK1,LgK I,SBK Late/LgK I
M0425,LgK2,LgK II,LgK II
M0425,ENE0,Epi LgK,Proto Ene.
M0429,LgK2,LgK II,LgK II
M0430,TRB2,TRB Boleraz/Saalzmuende,TRB Boleraz/Saalzmuende
M0432,LgK2,LgK II,LgK II
M0434,LgK1,LgK I,SBK Late/LgK I
M0439,LgK1,LgK I,SBK Late/LgK I
M0440,LgK2,LgK II,LgK II
M0441,LgK2,LgK II,LgK II
M0442,LgK2,LgK II,LgK II
M0442,ENE0,Epi LgK,Proto Ene.
M0443,TRB2,TRB Boleraz/Saalzmuende,TRB Boleraz/Saalzmuende
M0445,ENE0,Epi LgK,Proto Ene.
M0446,ENE0,Epi LgK,Proto Ene.
M0447,ENE0,Epi LgK,Proto Ene.
M0449,LgK1,LgK I,SBK Late/LgK I
M0450,LgK2,LgK II,LgK II
M0451,LgK2,LgK II,LgK II
M0452,LgK2,LgK II,LgK II
M0453,LgK2,LgK II,LgK II
M0454,LgK2,LgK II,LgK II
M0458,LgK1,LgK I,SBK Late/LgK I
M0460,LgK2,LgK II,LgK II
M0462,LgK2,LgK II,LgK II
M0463,TRB1,TRB Baalberge,TRB Baalberge
M0464,LgK2,LgK II,LgK II
M0473,LgK1,LgK I,SBK Late/LgK I
M0477,LgK2,LgK II,LgK II
M0479,LgK2,LgK II,LgK II
M0480,LgK2,LgK II,LgK II
M0481,LgK2,LgK II,LgK II
M0482,LgK2,LgK II,LgK II
M0484,LgK1,LgK I,SBK Late/LgK I
M0485,LgK1,LgK I,SBK Late/LgK I
M0486,LgK2,LgK II,LgK II
M0487,LgK2,LgK II,LgK II
M0489,LgK2,LgK II,LgK II
M0490,LgK2,LgK II,LgK II
M0494,LgK1,LgK I,SBK Late/LgK I
M0496,LgK2,LgK II,LgK II
M0497,LgK1,LgK I,SBK Late/LgK I
M0498,LgK1,LgK I,SBK Late/LgK I
M0499,SBK1,SBK Early,SBK Early
M0501,LgK2,LgK II,LgK II
M0502,SBK1,SBK Early,SBK Early
M0502,LgK1,LgK I,SBK Late/LgK I
M0504,LgK2,LgK II,LgK II
M0505,LgK1,LgK I,SBK Late/LgK I
M0506,LgK2,LgK II,LgK II
M0507,LgK2,LgK II,LgK II
M0508,LgK2,LgK II,LgK II
M0509,LgK1,LgK I,SBK Late/LgK I
M0509,LgK2,LgK II,LgK II
M0510,LgK2,LgK II,LgK II
M0511,LgK2,LgK II,LgK II
M0512,LgK1,LgK I,SBK Late/LgK I
M0512,ENE0,Epi LgK,Proto Ene.
M0513,LgK1,LgK I,SBK Late/LgK I
M0515,LgK1,LgK I,SBK Late/LgK I
M0515,TRB1,TRB Baalberge,TRB Baalberge
M0517,LgK1,LgK I,SBK Late/LgK I
M0519,LgK1,LgK I,SBK Late/LgK I
M0521,LgK2,LgK II,LgK II
M0522,TRB1,TRB Baalberge,TRB Baalberge
M0522,TRB2,TRB Boleraz/Saalzmuende,TRB Boleraz/Saalzmuende
M0523,LgK2,LgK II,LgK II
M0523,TRB1,TRB Baalberge,TRB Baalberge
M0523,TRB2,TRB Boleraz/Saalzmuende,TRB Boleraz/Saalzmuende
M0524,LgK2,LgK II,LgK II
M0526,LgK2,LgK II,LgK II
M0526,ENE0,Epi LgK,Proto Ene.
M0527,LgK2,LgK II,LgK II
M0527,ENE0,Epi LgK,Proto Ene.
M0530,LgK2,LgK II,LgK II
M0531,LgK2,LgK II,LgK II
M0532,LgK2,LgK II,LgK II
M0532,TRB2,TRB Boleraz/Saalzmuende,TRB Boleraz/Saalzmuende
M0533,LgK2,LgK II,LgK II
M0534,LgK2,LgK II,LgK II
M0536,LgK2,LgK II,LgK II
M0537,LgK2,LgK II,LgK II
M0539,LgK2,LgK II,LgK II
M0542,LgK2,LgK II,LgK II
M0543,ENE0,Epi LgK,Proto Ene.
M0544,LgK2,LgK II,LgK II
M0547,ENE0,Epi LgK,Proto Ene.
M0549,ENE0,Epi LgK,Proto Ene.
M0550,LgK2,LgK II,LgK II
M0550,ENE0,Epi LgK,Proto Ene.
M0551,LgK2,LgK II,LgK II
M0552,ENE0,Epi LgK,Proto Ene.
M0553,LgK2,LgK II,LgK II
M0554,LgK2,LgK II,LgK II
M0554,ENE0,Epi LgK,Proto Ene.
M0554,TRB1,TRB Baalberge,TRB Baalberge
M0554,TRB2,TRB Boleraz/Saalzmuende,TRB Boleraz/Saalzmuende
M0555,LgK2,LgK II,LgK II
M0556,LgK2,LgK II,LgK II
M0556,ENE0,Epi LgK,Proto Ene.
M0557,LgK1,LgK I,SBK Late/LgK I
M0559,ENE0,Epi LgK,Proto Ene.
M0560,LgK2,LgK II,LgK II
M0560,TRB1,TRB Baalberge,TRB Baalberge
M0562,LgK2,LgK II,LgK II
M0563,LgK2,LgK II,LgK II
M0564,LgK2,LgK II,LgK II
M0565,LgK2,LgK II,LgK II
M0565,ENE0,Epi LgK,Proto Ene.
M0566,LgK2,LgK II,LgK II
M0567,ENE0,Epi LgK,Proto Ene.
M0568,SBK1,SBK Early,SBK Early
M0568,LgK2,LgK II,LgK II
M0568,ENE0,Epi LgK,Proto Ene.
M0569,LgK2,LgK II,LgK II
M0570,LgK2,LgK II,LgK II
M0571,LgK2,LgK II,LgK II
M0572,ENE0,Epi LgK,Proto Ene.
M0573,LgK2,LgK II,LgK II
M0574,LgK2,LgK II,LgK II
M0575,LgK1,LgK I,SBK Late/LgK I
M0576,LgK2,LgK II,LgK II
M0576,TRB1,TRB Baalberge,TRB Baalberge
M0576,TRB2,TRB Boleraz/Saalzmuende,TRB Boleraz/Saalzmuende
M0578,TRB1,TRB Baalberge,TRB Baalberge
M0579,LgK1,LgK I,SBK Late/LgK I
M0580,SBK1,SBK Early,SBK Early
M0583,LgK1,LgK I,SBK Late/LgK I
M0584,LgK1,LgK I,SBK Late/LgK I
M0584,LgK2,LgK II,LgK II
M0585,LgK2,LgK II,LgK II
M0586,LgK2,LgK II,LgK II
M0587,LgK1,LgK I,SBK Late/LgK I
M0587,LgK2,LgK II,LgK II
M0589,LgK2,LgK II,LgK II
M0590,LgK2,LgK II,LgK II
M0601,ENE0,Epi LgK,Proto Ene.
M0602,LgK1,LgK I,SBK Late/LgK I
M0604,ENE0,Epi LgK,Proto Ene.
M0607,SBK1,SBK Early,SBK Early
M0607,LgK2,LgK II,LgK II
M0607,ENE0,Epi LgK,Proto Ene.
M0609,ENE0,Epi LgK,Proto Ene.
M0611,TRB1,TRB Baalberge,TRB Baalberge
M0612,TRB1,TRB Baalberge,TRB Baalberge
M0614,SBK1,SBK Early,SBK Early
M0614,LgK1,LgK I,SBK Late/LgK I
M0614,LgK2,LgK II,LgK II
M0616,TRB1,TRB Baalberge,TRB Baalberge
M0617,TRB2,TRB Boleraz/Saalzmuende,TRB Boleraz/Saalzmuende
M0619,LgK1,LgK I,SBK Late/LgK I
M0620,LgK1,LgK I,SBK Late/LgK I
M0621,TRB2,TRB Boleraz/Saalzmuende,TRB Boleraz/Saalzmuende
M0622,ENE0,Epi LgK,Proto Ene.
M0623,LgK2,LgK II,LgK II
M0626,LgK2,LgK II,LgK II
M0627,TRB2,TRB Boleraz/Saalzmuende,TRB Boleraz/Saalzmuende
M0629,ENE0,Epi LgK,Proto Ene.
M0629,TRB2,TRB Boleraz/Saalzmuende,TRB Boleraz/Saalzmuende
M0630,LgK2,LgK II,LgK II
M0631,LgK2,LgK II,LgK II
M0632,LgK2,LgK II,LgK II
M0633,LgK2,LgK II,LgK II
M0636,LgK2,LgK II,LgK II
M0638,LgK2,LgK II,LgK II
M0641,SBK1,SBK Early,SBK Early
M0642,LgK2,LgK II,LgK II
M0643,LgK1,LgK I,SBK Late/LgK I
M0644,LgK2,LgK II,LgK II
M0645,LgK1,LgK I,SBK Late/LgK I
M0646,LgK2,LgK II,LgK II
M0648,LgK2,LgK II,LgK II
M0649,LgK2,LgK II,LgK II
M0649,ENE0,Epi LgK,Proto Ene.
M0650,LgK2,LgK II,LgK II
M0651,LgK2,LgK II,LgK II
M0652,SBK1,SBK Early,SBK Early
M0652,SBK2,SBK Late,SBK Late/LgK I
M0652,LgK2,LgK II,LgK II
M0652,ENE0,Epi LgK,Proto Ene.
M0652,TRB2,TRB Boleraz/Saalzmuende,TRB Boleraz/Saalzmuende
M0654,LgK1,LgK I,SBK Late/LgK I
M0656,ENE0,Epi LgK,Proto Ene.
M0658,SBK1,SBK Early,SBK Early
M0659,LgK1,LgK I,SBK Late/LgK I
M0659,LgK2,LgK II,LgK II
M0661,LgK2,LgK II,LgK II
M0661,TRB2,TRB Boleraz/Saalzmuende,TRB Boleraz/Saalzmuende
M0662,SBK1,SBK Early,SBK Early
M0663,LgK2,LgK II,LgK II
M0664,LgK2,LgK II,LgK II
M0666,LgK2,LgK II,LgK II
M0667,LgK2,LgK II,LgK II
M0668,LgK2,LgK II,LgK II
M0669,LgK2,LgK II,LgK II
M0674,LgK2,LgK II,LgK II
M0675,LgK2,LgK II,LgK II
M0676,LgK2,LgK II,LgK II
M0676,ENE0,Epi LgK,Proto Ene.
M0676,TRB1,TRB Baalberge,TRB Baalberge
M0676,TRB2,TRB Boleraz/Saalzmuende,TRB Boleraz/Saalzmuende
M0678,TRB1,TRB Baalberge,TRB Baalberge
M0679,LgK1,LgK I,SBK Late/LgK I
M0679,LgK2,LgK II,LgK II
M0679,ENE0,Epi LgK,Proto Ene.
M0680,LgK1,LgK I,SBK Late/LgK I
M0681,TRB2,TRB Boleraz/Saalzmuende,TRB Boleraz/Saalzmuende
M0682,ENE0,Epi LgK,Proto Ene.
M0684,LgK1,LgK I,SBK Late/LgK I
M0685,LgK2,LgK II,LgK II
M0687,TRB1,TRB Baalberge,TRB Baalberge
M0688,LgK2,LgK II,LgK II
M0689,LgK2,LgK II,LgK II
M0690,LgK2,LgK II,LgK II
M0694,LgK2,LgK II,LgK II
M0695,LgK2,LgK II,LgK II
M0696,LgK2,LgK II,LgK II
M0696,TRB1,TRB Baalberge,TRB Baalberge
M0696,TRB2,TRB Boleraz/Saalzmuende,TRB Boleraz/Saalzmuende
M0698,SBK1,SBK Early,SBK Early
M0699,LgK1,LgK I,SBK Late/LgK I
M0700,LgK2,LgK II,LgK II
M0700,ENE0,Epi LgK,Proto Ene.
M0700,TRB2,TRB Boleraz/Saalzmuende,TRB Boleraz/Saalzmuende
M0701,SBK2,SBK Late,SBK Late/LgK I
M0701,LgK1,LgK I,SBK Late/LgK I
M0701,LgK2,LgK II,LgK II
M0701,ENE0,Epi LgK,Proto Ene.
M0702,ENE0,Epi LgK,Proto Ene.
M0702,TRB1,TRB Baalberge,TRB Baalberge
M0703,TRB2,TRB Boleraz/Saalzmuende,TRB Boleraz/Saalzmuende
M0704,LgK2,LgK II,LgK II
M0705,LgK2,LgK II,LgK II
M0707,LgK2,LgK II,LgK II
M0708,LgK2,LgK II,LgK II
M0709,ENE0,Epi LgK,Proto Ene.
M0712,LgK2,LgK II,LgK II
M0712,ENE0,Epi LgK,Proto Ene.
M0713,LgK2,LgK II,LgK II
M0725,LgK1,LgK I,SBK Late/LgK I
M0725,LgK2,LgK II,LgK II
M0726,TRB1,TRB Baalberge,TRB Baalberge
M0727,LgK2,LgK II,LgK II
M0728,LgK2,LgK II,LgK II
M0730,LgK2,LgK II,LgK II
M0734,LgK1,LgK I,SBK Late/LgK I
M0734,LgK2,LgK II,LgK II
M0735,LgK2,LgK II,LgK II
M0736,SBK1,SBK Early,SBK Early
M0736,LgK1,LgK I,SBK Late/LgK I
M0738,SBK1,SBK Early,SBK Early
M0738,LgK1,LgK I,SBK Late/LgK I
M0738,LgK2,LgK II,LgK II
M0738,TRB1,TRB Baalberge,TRB Baalberge
M0740,TRB2,TRB Boleraz/Saalzmuende,TRB Boleraz/Saalzmuende
M0741,LgK2,LgK II,LgK II
M0744,LgK2,LgK II,LgK II
M0745,LgK2,LgK II,LgK II
M0746,LgK2,LgK II,LgK II
M0748,LgK2,LgK II,LgK II
M0749,LgK2,LgK II,LgK II
M0750,TRB1,TRB Baalberge,TRB Baalberge
M0751,ENE0,Epi LgK,Proto Ene.
M0757,LgK2,LgK II,LgK II
M0758,ENE0,Epi LgK,Proto Ene.
M0760,LgK2,LgK II,LgK II
M0761,LgK2,LgK II,LgK II
M0763,LgK2,LgK II,LgK II
M0765,LgK2,LgK II,LgK II
M0767,LgK1,LgK I,SBK Late/LgK I
M0769,LgK1,LgK I,SBK Late/LgK I
M0772,LgK2,LgK II,LgK II
M0775,LgK2,LgK II,LgK II
M0780,LgK1,LgK I,SBK Late/LgK I
M0780,LgK2,LgK II,LgK II
M0780,ENE0,Epi LgK,Proto Ene.
M0781,LgK2,LgK II,LgK II
M0782,LgK2,LgK II,LgK II
M0783,LgK2,LgK II,LgK II
M0784,LgK2,LgK II,LgK II
M0785,LgK1,LgK I,SBK Late/LgK I
M0789,SBK1,SBK Early,SBK Early
M0789,LgK1,LgK I,SBK Late/LgK I
M0789,LgK2,LgK II,LgK II
M0789,ENE0,Epi LgK,Proto Ene.
M0790,SBK1,SBK Early,SBK Early
M0790,LgK2,LgK II,LgK II
M0790,ENE0,Epi LgK,Proto Ene.
M0790,TRB1,TRB Baalberge,TRB Baalberge
M0790,TRB2,TRB Boleraz/Saalzmuende,TRB Boleraz/Saalzmuende
M0791,LgK1,LgK I,SBK Late/LgK I
M0792,ENE0,Epi LgK,Proto Ene.
M0793,LgK2,LgK II,LgK II
M0794,LgK2,LgK II,LgK II
M0794,TRB2,TRB Boleraz/Saalzmuende,TRB Boleraz/Saalzmuende
M0795,LgK2,LgK II,LgK II
M0796,LgK2,LgK II,LgK II
M0797,LgK2,LgK II,LgK II
M0798,LgK2,LgK II,LgK II
M0798,ENE0,Epi LgK,Proto Ene.
M0798,TRB1,TRB Baalberge,TRB Baalberge
M0798,TRB2,TRB Boleraz/Saalzmuende,TRB Boleraz/Saalzmuende
M0799,LgK2,LgK II,LgK II
M0799,ENE0,Epi LgK,Proto Ene.
M0800,LgK2,LgK II,LgK II
M0801,LgK2,LgK II,LgK II
M0803,LgK2,LgK II,LgK II
M0804,LgK2,LgK II,LgK II
M0806,LgK1,LgK I,SBK Late/LgK I
M0806,LgK2,LgK II,LgK II
M0807,SBK1,SBK Early,SBK Early
M0807,LgK1,LgK I,SBK Late/LgK I
M0808,LgK2,LgK II,LgK II
M0809,LgK2,LgK II,LgK II
M0810,LgK1,LgK I,SBK Late/LgK I
M0811,LgK2,LgK II,LgK II
M0812,TRB2,TRB Boleraz/Saalzmuende,TRB Boleraz/Saalzmuende
M0812,LgK2,LgK II,LgK II
M0813,LgK2,LgK II,LgK II
M0814,ENE0,Epi LgK,Proto Ene.
M0815,SBK1,SBK Early,SBK Early
M0816,LgK2,LgK II,LgK II
M0817,LgK2,LgK II,LgK II
M0818,LgK1,LgK I,SBK Late/LgK I
M0824,LgK1,LgK I,SBK Late/LgK I
M0826,LgK2,LgK II,LgK II
M0830,ENE0,Epi LgK,Proto Ene.
M0830,TRB2,TRB Boleraz/Saalzmuende,TRB Boleraz/Saalzmuende
M0831,LgK2,LgK II,LgK II
M0831,TRB2,TRB Boleraz/Saalzmuende,TRB Boleraz/Saalzmuende
M0832,TRB2,TRB Boleraz/Saalzmuende,TRB Boleraz/Saalzmuende
M0833,LgK2,LgK II,LgK II
M0833,TRB2,TRB Boleraz/Saalzmuende,TRB Boleraz/Saalzmuende
M0835,LgK2,LgK II,LgK II
M0836,LgK2,LgK II,LgK II
M0836,TRB2,TRB Boleraz/Saalzmuende,TRB Boleraz/Saalzmuende
M0837,LgK2,LgK II,LgK II
M0840,LgK1,LgK I,SBK Late/LgK I
M0841,LgK1,LgK I,SBK Late/LgK I
M0844,LgK1,LgK I,SBK Late/LgK I
M0845,LgK1,LgK I,SBK Late/LgK I
M0846,SBK1,SBK Early,SBK Early
M0847,LgK1,LgK I,SBK Late/LgK I
M0847,LgK2,LgK II,LgK II
M0848,LgK2,LgK II,LgK II
M0849,LgK1,LgK I,SBK Late/LgK I
M0849,TRB1,TRB Baalberge,TRB Baalberge
M0851,SBK1,SBK Early,SBK Early
M0855,LgK2,LgK II,LgK II
M0856,LgK1,LgK I,SBK Late/LgK I
M0857,LgK2,LgK II,LgK II
M0862,LgK2,LgK II,LgK II
M0864,LgK2,LgK II,LgK II
M0865,LgK2,LgK II,LgK II
M0866,ENE0,Epi LgK,Proto Ene.
M0866,TRB1,TRB Baalberge,TRB Baalberge
M0867,TRB1,TRB Baalberge,TRB Baalberge
M0868,LgK2,LgK II,LgK II
M0868,ENE0,Epi LgK,Proto Ene.
M0869,LgK2,LgK II,LgK II
M0869,TRB1,TRB Baalberge,TRB Baalberge
M0869,TRB2,TRB Boleraz/Saalzmuende,TRB Boleraz/Saalzmuende
M0870,LgK1,LgK I,SBK Late/LgK I
M0872,LgK2,LgK II,LgK II
M0873,LgK1,LgK I,SBK Late/LgK I
M0874,TRB1,TRB Baalberge,TRB Baalberge
M0876,LgK2,LgK II,LgK II
M0879,LgK2,LgK II,LgK II
M0880,LgK2,LgK II,LgK II
M0881,LgK2,LgK II,LgK II
M0882,LgK2,LgK II,LgK II
M0883,TRB2,TRB Boleraz/Saalzmuende,TRB Boleraz/Saalzmuende
M0884,LgK2,LgK II,LgK II
M0885,LgK2,LgK II,LgK II
M0886,TRB1,TRB Baalberge,TRB Baalberge
M0887,LgK2,LgK II,LgK II
M0888,LgK2,LgK II,LgK II
M0889,LgK2,LgK II,LgK II
M0890,TRB1,TRB Baalberge,TRB Baalberge
M0890,TRB2,TRB Boleraz/Saalzmuende,TRB Boleraz/Saalzmuende
M0891,SBK1,SBK Early,SBK Early
M0891,SBK2,SBK Late,SBK Late/LgK I
M0891,LgK2,LgK II,LgK II
M0891,TRB2,TRB Boleraz/Saalzmuende,TRB Boleraz/Saalzmuende
M0892,LgK2,LgK II,LgK II
M0892,TRB1,TRB Baalberge,TRB Baalberge
M0892,TRB2,TRB Boleraz/Saalzmuende,TRB Boleraz/Saalzmuende
M0894,ENE0,Epi LgK,Proto Ene.
M0895,LgK1,LgK I,SBK Late/LgK I
M0896,LgK2,LgK II,LgK II
M0900,LgK2,LgK II,LgK II
M0901,LgK2,LgK II,LgK II
M0902,LgK2,LgK II,LgK II
M0903,LgK2,LgK II,LgK II
M0904,LgK2,LgK II,LgK II
M0904,ENE0,Epi LgK,Proto Ene.
M0905,LgK2,LgK II,LgK II
M0906,LgK1,LgK I,SBK Late/LgK I
M0907,TRB1,TRB Baalberge,TRB Baalberge
M0908,LgK2,LgK II,LgK II
M0909,LgK2,LgK II,LgK II
M0912,LgK2,LgK II,LgK II
M0914,LgK1,LgK I,SBK Late/LgK I
M0914,LgK2,LgK II,LgK II
M0915,LgK1,LgK I,SBK Late/LgK I
M0916,LgK2,LgK II,LgK II
M0916,TRB2,TRB Boleraz/Saalzmuende,TRB Boleraz/Saalzmuende
M0917,LgK2,LgK II,LgK II
M0917,ENE0,Epi LgK,Proto Ene.
M0918,LgK1,LgK I,SBK Late/LgK I
M0919,LgK1,LgK I,SBK Late/LgK I
M0921,LgK1,LgK I,SBK Late/LgK I
M0921,LgK2,LgK II,LgK II
M0923,LgK2,LgK II,LgK II
M0924,LgK2,LgK II,LgK II
M0925,SBK1,SBK Early,SBK Early
M0925,LgK2,LgK II,LgK II
M0932,LgK2,LgK II,LgK II
M0933,LgK2,LgK II,LgK II
M0934,SBK1,SBK Early,SBK Early
M0934,LgK1,LgK I,SBK Late/LgK I
M0934,LgK2,LgK II,LgK II
M0935,LgK2,LgK II,LgK II
M0936,LgK2,LgK II,LgK II
M0937,LgK1,LgK I,SBK Late/LgK I
M0939,LgK2,LgK II,LgK II
M0939,ENE0,Epi LgK,Proto Ene.
M0940,LgK2,LgK II,LgK II
M0944,SBK1,SBK Early,SBK Early
M0944,LgK2,LgK II,LgK II
M0945,LgK2,LgK II,LgK II
M0946,LgK2,LgK II,LgK II
M0949,LgK2,LgK II,LgK II
M0951,LgK2,LgK II,LgK II
M0956,ENE0,Epi LgK,Proto Ene.
M0957,LgK1,LgK I,SBK Late/LgK I
M0958,LgK1,LgK I,SBK Late/LgK I
M0959,LgK2,LgK II,LgK II
M0962,LgK2,LgK II,LgK II
M0965,LgK2,LgK II,LgK II
M0965,TRB2,TRB Boleraz/Saalzmuende,TRB Boleraz/Saalzmuende
M0966,LgK2,LgK II,LgK II
M0970,LgK2,LgK II,LgK II
M0970,TRB2,TRB Boleraz/Saalzmuende,TRB Boleraz/Saalzmuende
M0972,LgK2,LgK II,LgK II
M0973,TRB1,TRB Baalberge,TRB Baalberge
M0974,TRB1,TRB Baalberge,TRB Baalberge
M0975,LgK2,LgK II,LgK II
M0975,ENE0,Epi LgK,Proto Ene.
M0975,TRB1,TRB Baalberge,TRB Baalberge
M0976,LgK2,LgK II,LgK II
M0977,LgK2,LgK II,LgK II
M0978,LgK2,LgK II,LgK II
M0978,ENE0,Epi LgK,Proto Ene.
M0978,TRB1,TRB Baalberge,TRB Baalberge
M0978,TRB2,TRB Boleraz/Saalzmuende,TRB Boleraz/Saalzmuende
M0979,LgK2,LgK II,LgK II
M0980,LgK2,LgK II,LgK II
M0981,LgK2,LgK II,LgK II
M0982,LgK2,LgK II,LgK II
M0985,LgK1,LgK I,SBK Late/LgK I
M0987,LgK2,LgK II,LgK II
M0988,LgK1,LgK I,SBK Late/LgK I
M0989,LgK2,LgK II,LgK II
M0990,LgK1,LgK I,SBK Late/LgK I
M0991,LgK1,LgK I,SBK Late/LgK I
M0994,SBK1,SBK Early,SBK Early
M0996,LgK1,LgK I,SBK Late/LgK I
M0997,LgK1,LgK I,SBK Late/LgK I
M0998,LgK1,LgK I,SBK Late/LgK I
M1000,LgK2,LgK II,LgK II
M1000,ENE0,Epi LgK,Proto Ene.
M1001,LgK2,LgK II,LgK II
M1001,TRB2,TRB Boleraz/Saalzmuende,TRB Boleraz/Saalzmuende
M1002,LgK2,LgK II,LgK II
M1003,LgK2,LgK II,LgK II
M1004,LgK2,LgK II,LgK II
M1005,LgK2,LgK II,LgK II
M1006,TRB1,TRB Baalberge,TRB Baalberge
M1007,LgK2,LgK II,LgK II
M1008,LgK2,LgK II,LgK II
M1011,LgK1,LgK I,SBK Late/LgK I
M1011,LgK2,LgK II,LgK II
M1012,TRB1,TRB Baalberge,TRB Baalberge
M1013,LgK1,LgK I,SBK Late/LgK I
M1014,SBK1,SBK Early,SBK Early
M1014,LgK1,LgK I,SBK Late/LgK I
M1015,LgK1,LgK I,SBK Late/LgK I
M1016,LgK2,LgK II,LgK II
M1017,ENE0,Epi LgK,Proto Ene.
M1018,LgK2,LgK II,LgK II
M1021,LgK2,LgK II,LgK II
M1022,LgK2,LgK II,LgK II
M1024,ENE0,Epi LgK,Proto Ene.
M1026,LgK2,LgK II,LgK II
M1026,TRB2,TRB Boleraz/Saalzmuende,TRB Boleraz/Saalzmuende
M1027,TRB2,TRB Boleraz/Saalzmuende,TRB Boleraz/Saalzmuende
M1030,TRB2,TRB Boleraz/Saalzmuende,TRB Boleraz/Saalzmuende
M1031,LgK2,LgK II,LgK II
M1032,LgK2,LgK II,LgK II
M1033,LgK1,LgK I,SBK Late/LgK I
M1033,ENE0,Epi LgK,Proto Ene.
M1033,TRB2,TRB Boleraz/Saalzmuende,TRB Boleraz/Saalzmuende
M1036,SBK1,SBK Early,SBK Early
M1037,LgK1,LgK I,SBK Late/LgK I
M1038,TRB1,TRB Baalberge,TRB Baalberge
M1039,ENE0,Epi LgK,Proto Ene.
M1041,LgK2,LgK II,LgK II
M1041,TRB1,TRB Baalberge,TRB Baalberge
M1043,TRB1,TRB Baalberge,TRB Baalberge
M1043,TRB2,TRB Boleraz/Saalzmuende,TRB Boleraz/Saalzmuende
M1044,ENE0,Epi LgK,Proto Ene.
M1047,LgK1,LgK I,SBK Late/LgK I
M1047,LgK2,LgK II,LgK II
M1049,LgK2,LgK II,LgK II
M1051,LgK2,LgK II,LgK II
M1052,LgK2,LgK II,LgK II
M1053,LgK2,LgK II,LgK II
M1056,LgK2,LgK II,LgK II
M1057,SBK1,SBK Early,SBK Early
M1057,LgK1,LgK I,SBK Late/LgK I
M1057,ENE0,Epi LgK,Proto Ene.
M1064,ENE0,Epi LgK,Proto Ene.
M1065,LgK1,LgK I,SBK Late/LgK I
M1066,LgK2,LgK II,LgK II
M1067,ENE0,Epi LgK,Proto Ene.
M1068,LgK2,LgK II,LgK II
M1069,LgK2,LgK II,LgK II
M1069,ENE0,Epi LgK,Proto Ene.
M1070,TRB1,TRB Baalberge,TRB Baalberge
M1072,LgK2,LgK II,LgK II
M1080,TRB1,TRB Baalberge,TRB Baalberge
M1081,LgK2,LgK II,LgK II
M1081,TRB1,TRB Baalberge,TRB Baalberge
M1081,TRB2,TRB Boleraz/Saalzmuende,TRB Boleraz/Saalzmuende
M1082,TRB1,TRB Baalberge,TRB Baalberge
M1082,TRB2,TRB Boleraz/Saalzmuende,TRB Boleraz/Saalzmuende
M1084,LgK2,LgK II,LgK II
M1084,ENE0,Epi LgK,Proto Ene.
M1085,LgK1,LgK I,SBK Late/LgK I
M1085,LgK2,LgK II,LgK II
M1085,ENE0,Epi LgK,Proto Ene.
M1086,LgK2,LgK II,LgK II
M1087,SBK1,SBK Early,SBK Early
M1088,LgK2,LgK II,LgK II
M1089,LgK2,LgK II,LgK II
M1090,LgK2,LgK II,LgK II
M1091,LgK2,LgK II,LgK II
M1092,LgK1,LgK I,SBK Late/LgK I
M1092,LgK2,LgK II,LgK II
M1094,LgK1,LgK I,SBK Late/LgK I
M1096,ENE0,Epi LgK,Proto Ene.
M1097,LgK2,LgK II,LgK II
M1099,LgK1,LgK I,SBK Late/LgK I
M1099,LgK2,LgK II,LgK II
M1102,LgK2,LgK II,LgK II
M1104,LgK2,LgK II,LgK II
M1104,TRB2,TRB Boleraz/Saalzmuende,TRB Boleraz/Saalzmuende
M1105,LgK2,LgK II,LgK II
M1106,LgK2,LgK II,LgK II
M1107,TRB2,TRB Boleraz/Saalzmuende,TRB Boleraz/Saalzmuende
M1108,TRB1,TRB Baalberge,TRB Baalberge
M1108,TRB2,TRB Boleraz/Saalzmuende,TRB Boleraz/Saalzmuende
M1115,LgK1,LgK I,SBK Late/LgK I
M1116,TRB1,TRB Baalberge,TRB Baalberge
M1117,LgK2,LgK II,LgK II
M1118,LgK2,LgK II,LgK II
M1119,LgK2,LgK II,LgK II
M1120,LgK2,LgK II,LgK II
M1123,LgK2,LgK II,LgK II
M1124,TRB1,TRB Baalberge,TRB Baalberge
M1124,TRB2,TRB Boleraz/Saalzmuende,TRB Boleraz/Saalzmuende
M1125,LgK2,LgK II,LgK II
M1126,LgK2,LgK II,LgK II
M1127,LgK2,LgK II,LgK II
M1128,LgK2,LgK II,LgK II
M1130,LgK2,LgK II,LgK II
M1132,LgK1,LgK I,SBK Late/LgK I
M1132,LgK2,LgK II,LgK II
M1133,LgK1,LgK I,SBK Late/LgK I
M1135,LgK2,LgK II,LgK II
M1136,ENE0,Epi LgK,Proto Ene.
M1138,LgK2,LgK II,LgK II
M1140,LgK1,LgK I,SBK Late/LgK I
M1141,ENE0,Epi LgK,Proto Ene.
M1142,LgK1,LgK I,SBK Late/LgK I
M1143,LgK2,LgK II,LgK II
M1144,LgK1,LgK I,SBK Late/LgK I
M1146,TRB2,TRB Boleraz/Saalzmuende,TRB Boleraz/Saalzmuende
M1147,LgK2,LgK II,LgK II
M1149,TRB1,TRB Baalberge,TRB Baalberge
M1150,LgK2,LgK II,LgK II
M1151,LgK2,LgK II,LgK II
M1153,ENE0,Epi LgK,Proto Ene.
M1153,TRB2,TRB Boleraz/Saalzmuende,TRB Boleraz/Saalzmuende
M1154,TRB2,TRB Boleraz/Saalzmuende,TRB Boleraz/Saalzmuende
M1157,LgK2,LgK II,LgK II
M1158,SBK1,SBK Early,SBK Early
M1159,LgK1,LgK I,SBK Late/LgK I
M1160,LgK2,LgK II,LgK II
M1161,LgK2,LgK II,LgK II
M1162,ENE0,Epi LgK,Proto Ene.
M1162,TRB1,TRB Baalberge,TRB Baalberge
M1164,LgK1,LgK I,SBK Late/LgK I
M1165,LgK1,LgK I,SBK Late/LgK I
M1168,ENE0,Epi LgK,Proto Ene.
M1169,SBK1,SBK Early,SBK Early
M1170,SBK1,SBK Early,SBK Early
M1172,LgK2,LgK II,LgK II
M1173,LgK1,LgK I,SBK Late/LgK I
M1174,LgK1,LgK I,SBK Late/LgK I
M1177,LgK2,LgK II,LgK II
M1178,TRB1,TRB Baalberge,TRB Baalberge
M1180,LgK2,LgK II,LgK II
M1181,LgK2,LgK II,LgK II
M1181,TRB2,TRB Boleraz/Saalzmuende,TRB Boleraz/Saalzmuende
M1182,LgK2,LgK II,LgK II
M1183,ENE0,Epi LgK,Proto Ene.
M1183,TRB1,TRB Baalberge,TRB Baalberge
M1184,LgK2,LgK II,LgK II
M1185,LgK2,LgK II,LgK II
M1186,LgK2,LgK II,LgK II
M1187,LgK2,LgK II,LgK II
M1187,ENE0,Epi LgK,Proto Ene.
M1187,TRB1,TRB Baalberge,TRB Baalberge
M1187,TRB2,TRB Boleraz/Saalzmuende,TRB Boleraz/Saalzmuende
M1189,ENE0,Epi LgK,Proto Ene.
M1191,LgK2,LgK II,LgK II
M1194,LgK2,LgK II,LgK II
M1194,ENE0,Epi LgK,Proto Ene.
M1195,LgK2,LgK II,LgK II
M1197,LgK2,LgK II,LgK II
M1198,TRB2,TRB Boleraz/Saalzmuende,TRB Boleraz/Saalzmuende
M1199,TRB1,TRB Baalberge,TRB Baalberge
M1200,TRB2,TRB Boleraz/Saalzmuende,TRB Boleraz/Saalzmuende
M1202,TRB2,TRB Boleraz/Saalzmuende,TRB Boleraz/Saalzmuende
M1203,LgK2,LgK II,LgK II
M1203,TRB2,TRB Boleraz/Saalzmuende,TRB Boleraz/Saalzmuende
M1206,LgK2,LgK II,LgK II
M1210,LgK1,LgK I,SBK Late/LgK I
M1214,LgK2,LgK II,LgK II
M1215,LgK1,LgK I,SBK Late/LgK I
M1216,LgK1,LgK I,SBK Late/LgK I
M1220,LgK1,LgK I,SBK Late/LgK I
M1222,LgK2,LgK II,LgK II
M1222,TRB2,TRB Boleraz/Saalzmuende,TRB Boleraz/Saalzmuende
M1226,TRB1,TRB Baalberge,TRB Baalberge
M1227,TRB2,TRB Boleraz/Saalzmuende,TRB Boleraz/Saalzmuende
M1228,TRB2,TRB Boleraz/Saalzmuende,TRB Boleraz/Saalzmuende
M1229,TRB2,TRB Boleraz/Saalzmuende,TRB Boleraz/Saalzmuende
M1230,LgK2,LgK II,LgK II
M1231,LgK2,LgK II,LgK II
M1232,LgK2,LgK II,LgK II
M1233,LgK2,LgK II,LgK II
M1234,LgK2,LgK II,LgK II
M1234,ENE0,Epi LgK,Proto Ene.
M1234,TRB1,TRB Baalberge,TRB Baalberge
M1234,TRB2,TRB Boleraz/Saalzmuende,TRB Boleraz/Saalzmuende
M1235,LgK2,LgK II,LgK II
M1236,LgK2,LgK II,LgK II
M1237,TRB2,TRB Boleraz/Saalzmuende,TRB Boleraz/Saalzmuende
M1238,LgK2,LgK II,LgK II
M1240,LgK2,LgK II,LgK II
M1241,LgK2,LgK II,LgK II
M1243,ENE0,Epi LgK,Proto Ene.
M1244,ENE0,Epi LgK,Proto Ene.
M1245,SBK1,SBK Early,SBK Early
M1245,SBK2,SBK Late,SBK Late/LgK I
M1246,LgK2,LgK II,LgK II
M1246,TRB2,TRB Boleraz/Saalzmuende,TRB Boleraz/Saalzmuende
M1247,LgK2,LgK II,LgK II
M1248,LgK2,LgK II,LgK II
M1251,LgK2,LgK II,LgK II
M1252,LgK2,LgK II,LgK II
M1255,LgK2,LgK II,LgK II
M1256,LgK2,LgK II,LgK II
M1256,ENE0,Epi LgK,Proto Ene.
M1259,LgK2,LgK II,LgK II
M1260,ENE0,Epi LgK,Proto Ene.
M1261,LgK2,LgK II,LgK II
M1262,LgK2,LgK II,LgK II
M1264,LgK1,LgK I,SBK Late/LgK I
M1268,LgK2,LgK II,LgK II
M1270,LgK1,LgK I,SBK Late/LgK I
M1271,ENE0,Epi LgK,Proto Ene.
M1272,TRB2,TRB Boleraz/Saalzmuende,TRB Boleraz/Saalzmuende
M1273,LgK2,LgK II,LgK II
M1276,LgK2,LgK II,LgK II
M1276,ENE0,Epi LgK,Proto Ene.
M1276,TRB2,TRB Boleraz/Saalzmuende,TRB Boleraz/Saalzmuende
M1277,LgK2,LgK II,LgK II
M1279,LgK1,LgK I,SBK Late/LgK I
M1281,LgK1,LgK I,SBK Late/LgK I
M1283,LgK1,LgK I,SBK Late/LgK I
M1284,LgK1,LgK I,SBK Late/LgK I
M1285,LgK2,LgK II,LgK II
M1285,ENE0,Epi LgK,Proto Ene.
M1286,LgK1,LgK I,SBK Late/LgK I
M1286,LgK2,LgK II,LgK II
M1287,LgK1,LgK I,SBK Late/LgK I
M1288,LgK1,LgK I,SBK Late/LgK I
M1288,LgK2,LgK II,LgK II
M1289,LgK1,LgK I,SBK Late/LgK I
M1289,LgK2,LgK II,LgK II
M1290,LgK2,LgK II,LgK II
M1290,TRB1,TRB Baalberge,TRB Baalberge
M1290,TRB2,TRB Boleraz/Saalzmuende,TRB Boleraz/Saalzmuende
M1291,LgK2,LgK II,LgK II
M1293,LgK2,LgK II,LgK II
M1294,LgK2,LgK II,LgK II
M1294,TRB1,TRB Baalberge,TRB Baalberge
M1294,TRB2,TRB Boleraz/Saalzmuende,TRB Boleraz/Saalzmuende
M1295,TRB1,TRB Baalberge,TRB Baalberge
M1296,LgK2,LgK II,LgK II
M1297,LgK2,LgK II,LgK II
M1297,TRB2,TRB Boleraz/Saalzmuende,TRB Boleraz/Saalzmuende
M1302,LgK2,LgK II,LgK II
M1302,TRB2,TRB Boleraz/Saalzmuende,TRB Boleraz/Saalzmuende
M1305,LgK2,LgK II,LgK II
M1306,SBK1,SBK Early,SBK Early
M1307,LgK2,LgK II,LgK II
M1309,TRB1,TRB Baalberge,TRB Baalberge
M1310,LgK2,LgK II,LgK II
M1311,LgK2,LgK II,LgK II
M1312,LgK2,LgK II,LgK II
M1313,LgK2,LgK II,LgK II
M1314,LgK2,LgK II,LgK II
M1315,LgK2,LgK II,LgK II
M1315,TRB1,TRB Baalberge,TRB Baalberge
M1315,TRB2,TRB Boleraz/Saalzmuende,TRB Boleraz/Saalzmuende
M1316,LgK2,LgK II,LgK II
M1317,LgK2,LgK II,LgK II
M1318,LgK2,LgK II,LgK II
M1320,LgK1,LgK I,SBK Late/LgK I
M1321,LgK1,LgK I,SBK Late/LgK I
M1322,LgK1,LgK I,SBK Late/LgK I
M1323,LgK2,LgK II,LgK II
M1325,LgK2,LgK II,LgK II
M1326,LgK2,LgK II,LgK II
M1327,LgK2,LgK II,LgK II
M1328,LgK1,LgK I,SBK Late/LgK I
M1328,LgK2,LgK II,LgK II
M1331,TRB2,TRB Boleraz/Saalzmuende,TRB Boleraz/Saalzmuende
M1332,ENE0,Epi LgK,Proto Ene.
M1333,LgK2,LgK II,LgK II
M1335,SBK1,SBK Early,SBK Early
M1335,LgK1,LgK I,SBK Late/LgK I
M1337,SBK1,SBK Early,SBK Early
M1337,LgK2,LgK II,LgK II
M1338,ENE0,Epi LgK,Proto Ene.
M1342,TRB1,TRB Baalberge,TRB Baalberge
M1343,ENE0,Epi LgK,Proto Ene.
M1345,LgK2,LgK II,LgK II
M1347,LgK2,LgK II,LgK II
M1349,LgK2,LgK II,LgK II
M1351,LgK2,LgK II,LgK II
M1352,LgK2,LgK II,LgK II
M1352,TRB2,TRB Boleraz/Saalzmuende,TRB Boleraz/Saalzmuende
M1355,LgK2,LgK II,LgK II
M1356,TRB1,TRB Baalberge,TRB Baalberge
M1357,LgK2,LgK II,LgK II
M1357,ENE0,Epi LgK,Proto Ene.
M1358,LgK1,LgK I,SBK Late/LgK I
M1360,LgK1,LgK I,SBK Late/LgK I
M1361,LgK2,LgK II,LgK II
M1361,ENE0,Epi LgK,Proto Ene.
M1362,LgK2,LgK II,LgK II
M1363,LgK2,LgK II,LgK II
M1364,LgK2,LgK II,LgK II
M1365,LgK2,LgK II,LgK II
M1366,LgK2,LgK II,LgK II
M1368,LgK2,LgK II,LgK II
M1370,LgK2,LgK II,LgK II
M1372,TRB1,TRB Baalberge,TRB Baalberge
M1373,LgK1,LgK I,SBK Late/LgK I
M1377,LgK1,LgK I,SBK Late/LgK I
M1380,LgK2,LgK II,LgK II
M1381,LgK2,LgK II,LgK II
M1381,ENE0,Epi LgK,Proto Ene.
M1382,LgK2,LgK II,LgK II
M1382,ENE0,Epi LgK,Proto Ene.
M1383,ENE0,Epi LgK,Proto Ene.
M1383,TRB1,TRB Baalberge,TRB Baalberge
M1385,LgK2,LgK II,LgK II
M1386,LgK2,LgK II,LgK II
M1387,LgK2,LgK II,LgK II
M1388,LgK2,LgK II,LgK II
M1389,LgK2,LgK II,LgK II
M1391,LgK1,LgK I,SBK Late/LgK I
M1392,LgK2,LgK II,LgK II
M1394,ENE0,Epi LgK,Proto Ene.
M1395,LgK2,LgK II,LgK II
M1395,ENE0,Epi LgK,Proto Ene.
M1395,TRB1,TRB Baalberge,TRB Baalberge
M1396,LgK2,LgK II,LgK II
M1397,TRB2,TRB Boleraz/Saalzmuende,TRB Boleraz/Saalzmuende
M1399,LgK2,LgK II,LgK II
M1400,LgK1,LgK I,SBK Late/LgK I
M1400,ENE0,Epi LgK,Proto Ene.
M1401,SBK1,SBK Early,SBK Early
M1401,LgK1,LgK I,SBK Late/LgK I
M1402,LgK2,LgK II,LgK II
M1403,LgK2,LgK II,LgK II
M1404,LgK2,LgK II,LgK II
M1405,LgK2,LgK II,LgK II
M1405,ENE0,Epi LgK,Proto Ene.
M1405,TRB1,TRB Baalberge,TRB Baalberge
M1407,LgK2,LgK II,LgK II
M1408,LgK2,LgK II,LgK II
M1409,LgK2,LgK II,LgK II
M1409,ENE0,Epi LgK,Proto Ene.
M1410,SBK1,SBK Early,SBK Early
M1410,SBK2,SBK Late,SBK Late/LgK I
M1411,SBK1,SBK Early,SBK Early
M1412,SBK2,SBK Late,SBK Late/LgK I
M1412,LgK2,LgK II,LgK II
M1413,LgK2,LgK II,LgK II
M1414,TRB2,TRB Boleraz/Saalzmuende,TRB Boleraz/Saalzmuende
M1415,ENE0,Epi LgK,Proto Ene.
M1416,LgK2,LgK II,LgK II
M1417,TRB2,TRB Boleraz/Saalzmuende,TRB Boleraz/Saalzmuende
M1418,TRB2,TRB Boleraz/Saalzmuende,TRB Boleraz/Saalzmuende
M1419,LgK2,LgK II,LgK II
M1422,TRB1,TRB Baalberge,TRB Baalberge
M1423,LgK1,LgK I,SBK Late/LgK I
M1423,LgK2,LgK II,LgK II
M1424,LgK2,LgK II,LgK II
M1426,LgK1,LgK I,SBK Late/LgK I
M1427,LgK1,LgK I,SBK Late/LgK I
M1428,LgK1,LgK I,SBK Late/LgK I
M1430,SBK1,SBK Early,SBK Early
M1430,LgK1,LgK I,SBK Late/LgK I
M1430,LgK2,LgK II,LgK II
M1430,TRB1,TRB Baalberge,TRB Baalberge
M1431,LgK1,LgK I,SBK Late/LgK I
M1433,LgK2,LgK II,LgK II
M1436,LgK2,LgK II,LgK II
M1437,ENE0,Epi LgK,Proto Ene.
M1438,LgK1,LgK I,SBK Late/LgK I
M1438,TRB2,TRB Boleraz/Saalzmuende,TRB Boleraz/Saalzmuende
M1442,LgK2,LgK II,LgK II
M1443,LgK2,LgK II,LgK II
M1446,LgK2,LgK II,LgK II
M1446,TRB1,TRB Baalberge,TRB Baalberge
M1447,LgK2,LgK II,LgK II
M1448,LgK2,LgK II,LgK II
M1449,LgK2,LgK II,LgK II
M1451,SBK1,SBK Early,SBK Early
M1451,LgK1,LgK I,SBK Late/LgK I
M1451,LgK2,LgK II,LgK II
M1452,LgK2,LgK II,LgK II
M1452,TRB1,TRB Baalberge,TRB Baalberge
M1455,LgK2,LgK II,LgK II
M1458,LgK2,LgK II,LgK II
M1459,LgK2,LgK II,LgK II
M1463,ENE0,Epi LgK,Proto Ene.
M1464,SBK1,SBK Early,SBK Early
M1464,SBK2,SBK Late,SBK Late/LgK I
M1464,LgK2,LgK II,LgK II
M1464,ENE0,Epi LgK,Proto Ene.
M1466,TRB2,TRB Boleraz/Saalzmuende,TRB Boleraz/Saalzmuende
M1467,LgK1,LgK I,SBK Late/LgK I
M1467,LgK2,LgK II,LgK II
M1468,LgK2,LgK II,LgK II
M1470,LgK2,LgK II,LgK II
M1471,LgK2,LgK II,LgK II
M1473,LgK2,LgK II,LgK II
M1474,ENE0,Epi LgK,Proto Ene.
M1476,ENE0,Epi LgK,Proto Ene.
M1478,SBK1,SBK Early,SBK Early
M1478,LgK2,LgK II,LgK II
M1481,LgK2,LgK II,LgK II
M1483,LgK2,LgK II,LgK II
M1484,ENE0,Epi LgK,Proto Ene.
M1485,LgK2,LgK II,LgK II
M1488,ENE0,Epi LgK,Proto Ene.
M1488,TRB1,TRB Baalberge,TRB Baalberge
M1489,LgK2,LgK II,LgK II
M1491,LgK2,LgK II,LgK II
M1492,TRB1,TRB Baalberge,TRB Baalberge
M1493,LgK2,LgK II,LgK II
M1494,LgK2,LgK II,LgK II
M1495,LgK2,LgK II,LgK II
M1495,TRB1,TRB Baalberge,TRB Baalberge
M1498,LgK2,LgK II,LgK II
M1499,SBK1,SBK Early,SBK Early
M1499,LgK2,LgK II,LgK II
M1500,LgK2,LgK II,LgK II
M1501,ENE0,Epi LgK,Proto Ene.
M1502,ENE0,Epi LgK,Proto Ene.
M1503,ENE0,Epi LgK,Proto Ene.
M1505,ENE0,Epi LgK,Proto Ene.
M1505,TRB2,TRB Boleraz/Saalzmuende,TRB Boleraz/Saalzmuende
M1508,LgK1,LgK I,SBK Late/LgK I
M1508,LgK2,LgK II,LgK II
M1509,LgK2,LgK II,LgK II
M1510,LgK2,LgK II,LgK II
M1511,LgK2,LgK II,LgK II
M1512,LgK1,LgK I,SBK Late/LgK I
M1512,LgK2,LgK II,LgK II
M1514,LgK2,LgK II,LgK II
M1515,TRB2,TRB Boleraz/Saalzmuende,TRB Boleraz/Saalzmuende
M1516,LgK2,LgK II,LgK II
M1521,LgK1,LgK I,SBK Late/LgK I
M1526,LgK2,LgK II,LgK II
M1532,LgK2,LgK II,LgK II
M1533,LgK2,LgK II,LgK II
M1534,LgK2,LgK II,LgK II
M1537,LgK1,LgK I,SBK Late/LgK I
M1542,LgK2,LgK II,LgK II
M1543,LgK1,LgK I,SBK Late/LgK I
M1544,LgK1,LgK I,SBK Late/LgK I
M1545,TRB1,TRB Baalberge,TRB Baalberge
M1546,TRB1,TRB Baalberge,TRB Baalberge
M1547,LgK1,LgK I,SBK Late/LgK I
M1548,TRB1,TRB Baalberge,TRB Baalberge
M1550,TRB1,TRB Baalberge,TRB Baalberge
M1551,LgK2,LgK II,LgK II
M1551,TRB2,TRB Boleraz/Saalzmuende,TRB Boleraz/Saalzmuende
M1552,TRB1,TRB Baalberge,TRB Baalberge
M1554,LgK2,LgK II,LgK II
M1554,TRB1,TRB Baalberge,TRB Baalberge
M1554,TRB2,TRB Boleraz/Saalzmuende,TRB Boleraz/Saalzmuende
M1556,LgK1,LgK I,SBK Late/LgK I
M1557,TRB1,TRB Baalberge,TRB Baalberge
M1559,LgK1,LgK I,SBK Late/LgK I
M1560,LgK2,LgK II,LgK II
M1561,LgK2,LgK II,LgK II
M1562,TRB2,TRB Boleraz/Saalzmuende,TRB Boleraz/Saalzmuende
M1563,LgK2,LgK II,LgK II
M1564,LgK1,LgK I,SBK Late/LgK I
M1566,LgK1,LgK I,SBK Late/LgK I
M1567,LgK2,LgK II,LgK II
M1568,LgK2,LgK II,LgK II
M1569,LgK2,LgK II,LgK II
M1570,LgK2,LgK II,LgK II
M1571,TRB2,TRB Boleraz/Saalzmuende,TRB Boleraz/Saalzmuende
M1572,ENE0,Epi LgK,Proto Ene.
M1573,LgK1,LgK I,SBK Late/LgK I
M1575,ENE0,Epi LgK,Proto Ene.
M1576,LgK2,LgK II,LgK II
M1577,TRB2,TRB Boleraz/Saalzmuende,TRB Boleraz/Saalzmuende
M1578,TRB2,TRB Boleraz/Saalzmuende,TRB Boleraz/Saalzmuende
M1579,LgK2,LgK II,LgK II
M1580,TRB1,TRB Baalberge,TRB Baalberge
M1581,LgK2,LgK II,LgK II
M1582,LgK2,LgK II,LgK II
M1583,ENE0,Epi LgK,Proto Ene.