"id","chrono","period"
"B0001","TRB1","p3.8"
"B0006","TRB2","p3.6"
"B0006","TRB2","p3.4"
"B0007","TRB1","p3.8"
"B0010","SBK2","p4.8"
"B0010","TRB1","p3.8"
"B0012","SBK2","p4.8"
"B0016","LgK2","p4.6"
"B0016","LgK2","p4.4"
"B0017","TRB1","p3.8"
"B0018","LgK2","p4.6"
"B0018","LgK2","p4.4"
"B0019","LgK2","p4.6"
"B0019","LgK2","p4.4"
"B0019","TRB1","p3.8"
"B0021","ENE0","p4.4"
"B0021","ENE0","p4.2"
"B0021","ENE0","p4.0"
"B0026","ENE0","p4.4"
"B0026","ENE0","p4.2"
"B0026","ENE0","p4.0"
"B0040","SBK2","p4.8"
"B0041","SBK2","p4.8"
"B0041","LgK2","p4.6"
"B0041","LgK2","p4.4"
"B0043","TRB1","p3.8"
"B0044","SBK2","p4.8"
"B0045","SBK2","p4.8"
"B0046","LgK2","p4.6"
"B0046","LgK2","p4.4"
"B0046","ENE0","p4.4"
"B0046","ENE0","p4.2"
"B0046","ENE0","p4.0"
"B0046","TRB1","p3.8"
"B0054","TRB1","p3.8"
"B0055","ENE0","p4.4"
"B0055","ENE0","p4.2"
"B0055","ENE0","p4.0"
"B0056","LgK2","p4.6"
"B0056","LgK2","p4.4"
"B0058","LgK2","p4.6"
"B0058","LgK2","p4.4"
"B0063","SBK2","p4.8"
"B0064","LgK2","p4.6"
"B0064","LgK2","p4.4"
"B0067","SBK1","p5.0"
"B0067","SBK1","p4.8"
"B0067","LgK2","p4.6"
"B0067","LgK2","p4.4"
"B0067","TRB2","p3.6"
"B0067","TRB2","p3.4"
"B0068","LgK2","p4.6"
"B0068","LgK2","p4.4"
"B0068","TRB1","p3.8"
"B0068","TRB2","p3.6"
"B0068","TRB2","p3.4"
"B0071","LgK2","p4.6"
"B0071","LgK2","p4.4"
"B0073","SBK2","p4.8"
"B0073","ENE0","p4.4"
"B0073","ENE0","p4.2"
"B0073","ENE0","p4.0"
"B0076","SBK2","p4.8"
"B0077","SBK2","p4.8"
"B0078","SBK2","p4.8"
"B0080","ENE0","p4.4"
"B0080","ENE0","p4.2"
"B0080","ENE0","p4.0"
"B0081","ENE0","p4.4"
"B0081","ENE0","p4.2"
"B0081","ENE0","p4.0"
"B0086","SBK1","p5.0"
"B0086","SBK1","p4.8"
"B0088","ENE0","p4.4"
"B0088","ENE0","p4.2"
"B0088","ENE0","p4.0"
"B0092","SBK1","p5.0"
"B0092","SBK1","p4.8"
"B0092","SBK2","p4.8"
"B0093","SBK1","p5.0"
"B0093","SBK1","p4.8"
"B0093","TRB1","p3.8"
"B0093","TRB2","p3.6"
"B0093","TRB2","p3.4"
"B0094","SBK1","p5.0"
"B0094","SBK1","p4.8"
"B0098","SBK1","p5.0"
"B0098","SBK1","p4.8"
"B0101","LgK2","p4.6"
"B0101","LgK2","p4.4"
"B0102","ENE0","p4.4"
"B0102","ENE0","p4.2"
"B0102","ENE0","p4.0"
"B0106","SBK2","p4.8"
"B0109","SBK2","p4.8"
"B0112","TRB2","p3.6"
"B0112","TRB2","p3.4"
"B0114","ENE0","p4.4"
"B0114","ENE0","p4.2"
"B0114","ENE0","p4.0"
"B0117","SBK2","p4.8"
"B0118","LgK2","p4.6"
"B0118","LgK2","p4.4"
"B0120","LgK2","p4.6"
"B0120","LgK2","p4.4"
"B0121","SBK2","p4.8"
"B0124","TRB1","p3.8"
"B0125","TRB1","p3.8"
"B0125","TRB2","p3.6"
"B0125","TRB2","p3.4"
"B0126","ENE0","p4.4"
"B0126","ENE0","p4.2"
"B0126","ENE0","p4.0"
"B0126","TRB1","p3.8"
"B0127","ENE0","p4.4"
"B0127","ENE0","p4.2"
"B0127","ENE0","p4.0"
"B0127","TRB1","p3.8"
"B0127","TRB2","p3.6"
"B0127","TRB2","p3.4"
"B0131","SBK1","p5.0"
"B0131","SBK1","p4.8"
"B0131","LgK2","p4.6"
"B0131","ENE0","p4.4"
"B0131","ENE0","p4.2"
"B0131","ENE0","p4.0"
"B0134","ENE0","p4.4"
"B0134","ENE0","p4.2"
"B0134","ENE0","p4.0"
"B0138","LgK2","p4.6"
"B0138","LgK2","p4.4"
"B0140","LgK2","p4.6"
"B0140","LgK2","p4.4"
"B0142","SBK1","p5.0"
"B0142","SBK1","p4.8"
"B0143","LgK2","p4.6"
"B0143","LgK2","p4.4"
"B0144","SBK2","p4.8"
"B0145","SBK2","p4.8"
"B0146","SBK2","p4.8"
"B0154","ENE0","p4.4"
"B0154","ENE0","p4.2"
"B0154","ENE0","p4.0"
"B0157","SBK1","p5.0"
"B0157","SBK1","p4.8"
"B0159","SBK2","p4.8"
"B0159","LgK2","p4.6"
"B0159","LgK2","p4.4"
"B0162","SBK2","p4.8"
"B0164","SBK2","p4.8"
"B0165","ENE0","p4.4"
"B0165","ENE0","p4.2"
"B0165","ENE0","p4.0"
"B0167","SBK1","p5.0"
"B0167","SBK1","p4.8"
"B0167","SBK2","p4.8"
"B0167","ENE0","p4.4"
"B0167","ENE0","p4.2"
"B0167","ENE0","p4.0"
"B0168","SBK2","p4.8"
"B0169","TRB1","p3.8"
"B0171","SBK2","p4.8"
"B0173","SBK2","p4.8"
"B0174","SBK2","p4.8"
"B0177","SBK1","p5.0"
"B0177","SBK1","p4.8"
"B0178","TRB1","p3.8"
"B0180","LgK2","p4.6"
"B0180","LgK2","p4.4"
"B0181","ENE0","p4.4"
"B0181","ENE0","p4.2"
"B0181","ENE0","p4.0"
"B0182","SBK2","p4.8"
"B0182","TRB1","p3.8"
"B0184","LgK2","p4.6"
"B0184","LgK2","p4.4"
"B0186","ENE0","p4.4"
"B0186","ENE0","p4.2"
"B0186","ENE0","p4.0"
"B0187","SBK2","p4.8"
"B0188","SBK2","p4.8"
"B0189","LgK2","p4.6"
"B0189","LgK2","p4.4"
"B0189","TRB1","p3.8"
"B0191","SBK1","p5.0"
"B0191","SBK1","p4.8"
"B0191","SBK2","p4.8"
"B0192","LgK2","p4.6"
"B0192","LgK2","p4.4"
"B0193","SBK2","p4.8"
"B0193","LgK2","p4.6"
"B0193","LgK2","p4.4"
"B0193","TRB1","p3.8"
"B0194","SBK2","p4.8"
"B0194","LgK2","p4.6"
"B0194","LgK2","p4.4"
"B0195","SBK1","p5.0"
"B0195","SBK1","p4.8"
"B0195","SBK2","p4.8"
"B0196","SBK2","p4.8"
"B0197","TRB1","p3.8"
"B0200","SBK2","p4.8"
"B0201","SBK1","p5.0"
"B0201","SBK1","p4.8"
"B0201","SBK2","p4.8"
"B0201","ENE0","p4.4"
"B0201","ENE0","p4.2"
"B0201","ENE0","p4.0"
"B0202","SBK2","p4.8"
"B0204","LgK2","p4.6"
"B0204","LgK2","p4.4"
"B0204","ENE0","p4.4"
"B0204","ENE0","p4.2"
"B0204","ENE0","p4.0"
"B0204","TRB1","p3.8"
"B0205","LgK2","p4.6"
"B0205","LgK2","p4.4"
"B0206","ENE0","p4.4"
"B0206","ENE0","p4.2"
"B0206","ENE0","p4.0"
"B0208","SBK2","p4.8"
"B0214","SBK1","p5.0"
"B0214","SBK1","p4.8"
"B0215","TRB2","p3.6"
"B0215","TRB2","p3.4"
"B0217","ENE0","p4.4"
"B0217","ENE0","p4.2"
"B0217","ENE0","p4.0"
"B0217","TRB2","p3.6"
"B0217","TRB2","p3.4"
"B0218","TRB2","p3.6"
"B0218","TRB2","p3.4"
"B0221","ENE0","p4.4"
"B0221","ENE0","p4.2"
"B0221","ENE0","p4.0"
"B0222","LgK2","p4.6"
"B0222","LgK2","p4.4"
"B0223","ENE0","p4.4"
"B0223","ENE0","p4.2"
"B0223","ENE0","p4.0"
"B0224","ENE0","p4.4"
"B0224","ENE0","p4.2"
"B0224","ENE0","p4.0"
"B0226","SBK1","p5.0"
"B0226","SBK1","p4.8"
"B0226","SBK2","p4.8"
"B0226","LgK2","p4.6"
"B0226","LgK2","p4.4"
"B0227","SBK1","p5.0"
"B0227","SBK1","p4.8"
"B0227","SBK2","p4.8"
"B0228","SBK2","p4.8"
"B0229","SBK2","p4.8"
"B0229","LgK2","p4.6"
"B0229","LgK2","p4.4"
"B0229","ENE0","p4.4"
"B0229","ENE0","p4.2"
"B0229","ENE0","p4.0"
"B0230","SBK2","p4.8"
"B0230","ENE0","p4.4"
"B0230","ENE0","p4.2"
"B0230","ENE0","p4.0"
"B0232","SBK2","p4.8"
"B0238","TRB1","p3.8"
"B0240","ENE0","p4.4"
"B0240","ENE0","p4.2"
"B0240","ENE0","p4.0"
"B0241","LgK2","p4.6"
"B0241","LgK2","p4.4"
"B0241","ENE0","p4.4"
"B0241","ENE0","p4.2"
"B0241","ENE0","p4.0"
"B0242","SBK2","p4.8"
"B0244","SBK2","p4.8"
"B0244","ENE0","p4.4"
"B0244","ENE0","p4.2"
"B0244","ENE0","p4.0"
"B0248","SBK2","p4.8"
"B0249","SBK1","p5.0"
"B0249","SBK1","p4.8"
"B0249","SBK2","p4.8"
"B0249","ENE0","p4.4"
"B0249","ENE0","p4.2"
"B0249","ENE0","p4.0"
"B0249","TRB1","p3.8"
"B0255","ENE0","p4.4"
"B0255","ENE0","p4.2"
"B0255","ENE0","p4.0"
"B0256","LgK2","p4.6"
"B0256","LgK2","p4.4"
"B0256","ENE0","p4.4"
"B0256","ENE0","p4.2"
"B0256","ENE0","p4.0"
"B0259","SBK1","p5.0"
"B0259","SBK1","p4.8"
"B0262","SBK1","p5.0"
"B0262","SBK1","p4.8"
"B0265","TRB1","p3.8"
"B0265","TRB2","p3.6"
"B0265","TRB2","p3.4"
"B0268","TRB2","p3.6"
"B0268","TRB2","p3.4"
"B0279","LgK2","p4.6"
"B0279","LgK2","p4.4"
"B0279","ENE0","p4.4"
"B0279","ENE0","p4.2"
"B0279","ENE0","p4.0"
"B0281","SBK1","p5.0"
"B0281","SBK1","p4.8"
"B0283","SBK1","p5.0"
"B0283","SBK1","p4.8"
"B0285","SBK2","p4.8"
"B0287","TRB2","p3.6"
"B0287","TRB2","p3.4"
"B0288","LgK2","p4.6"
"B0288","LgK2","p4.4"
"B0288","ENE0","p4.4"
"B0288","ENE0","p4.2"
"B0288","ENE0","p4.0"
"B0289","LgK2","p4.6"
"B0289","LgK2","p4.4"
"B0289","ENE0","p4.4"
"B0289","ENE0","p4.2"
"B0289","ENE0","p4.0"
"B0290","SBK2","p4.8"
"B0291","SBK2","p4.8"
"B0292","SBK1","p5.0"
"B0292","SBK1","p4.8"
"B0293","TRB2","p3.6"
"B0293","TRB2","p3.4"
"B0295","ENE0","p4.4"
"B0295","ENE0","p4.2"
"B0295","ENE0","p4.0"
"B0296","SBK1","p5.0"
"B0296","SBK1","p4.8"
"B0296","SBK2","p4.8"
"B0303","SBK2","p4.8"
"B0306","SBK2","p4.8"
"B0307","SBK2","p4.8"
"B0307","LgK2","p4.6"
"B0307","LgK2","p4.4"
"B0308","SBK2","p4.8"
"B0308","ENE0","p4.4"
"B0308","ENE0","p4.2"
"B0308","ENE0","p4.0"
"B0309","SBK2","p4.8"
"B0311","SBK2","p4.8"
"B0311","LgK2","p4.6"
"B0311","LgK2","p4.4"
"B0311","ENE0","p4.4"
"B0311","ENE0","p4.2"
"B0311","ENE0","p4.0"
"B0312","LgK2","p4.6"
"B0312","LgK2","p4.4"
"B0318","ENE0","p4.4"
"B0318","ENE0","p4.2"
"B0318","ENE0","p4.0"
"B0322","SBK2","p4.8"
"B0326","ENE0","p4.4"
"B0326","ENE0","p4.2"
"B0326","ENE0","p4.0"
"B0327","SBK2","p4.8"
"B0328","SBK2","p4.8"
"B0329","ENE0","p4.4"
"B0329","ENE0","p4.2"
"B0329","ENE0","p4.0"
"B0330","TRB2","p3.6"
"B0330","TRB2","p3.4"
"B0332","SBK1","p5.0"
"B0332","SBK1","p4.8"
"B0332","SBK2","p4.8"
"B0332","ENE0","p4.4"
"B0332","ENE0","p4.2"
"B0332","ENE0","p4.0"
"B0336","ENE0","p4.4"
"B0336","ENE0","p4.2"
"B0336","ENE0","p4.0"
"B0338","LgK2","p4.6"
"B0338","LgK2","p4.4"
"B0339","SBK2","p4.8"
"B0339","ENE0","p4.4"
"B0339","ENE0","p4.2"
"B0339","ENE0","p4.0"
"B0339","TRB1","p3.8"
"B0339","TRB2","p3.6"
"B0339","TRB2","p3.4"
"B0340","ENE0","p4.4"
"B0340","ENE0","p4.2"
"B0340","ENE0","p4.0"
"B0341","SBK2","p4.8"
"B0341","TRB1","p3.8"
"B0344","TRB2","p3.6"
"B0344","TRB2","p3.4"
"B0346","TRB2","p3.6"
"B0346","TRB2","p3.4"
"B0349","LgK2","p4.6"
"B0349","LgK2","p4.4"
"B0351","SBK1","p5.0"
"B0351","SBK1","p4.8"
"B0353","SBK2","p4.8"
"B0353","LgK2","p4.6"
"B0353","LgK2","p4.4"
"B0355","ENE0","p4.4"
"B0355","ENE0","p4.2"
"B0355","ENE0","p4.0"
"B0359","LgK2","p4.6"
"B0359","LgK2","p4.4"
"B0359","ENE0","p4.4"
"B0359","ENE0","p4.2"
"B0359","ENE0","p4.0"
"B0360","SBK2","p4.8"
"B0362","ENE0","p4.4"
"B0362","ENE0","p4.2"
"B0362","ENE0","p4.0"
"B0366","SBK2","p4.8"
"B0371","ENE0","p4.4"
"B0371","ENE0","p4.2"
"B0371","ENE0","p4.0"
"B0372","SBK1","p5.0"
"B0372","SBK1","p4.8"
"B0372","SBK2","p4.8"
"B0375","SBK1","p5.0"
"B0375","SBK1","p4.8"
"B0375","SBK2","p4.8"
"B0378","ENE0","p4.4"
"B0378","ENE0","p4.2"
"B0378","ENE0","p4.0"
"B0382","ENE0","p4.4"
"B0382","ENE0","p4.2"
"B0382","ENE0","p4.0"
"B0388","SBK2","p4.8"
"B0390","LgK2","p4.6"
"B0390","LgK2","p4.4"
"B0394","ENE0","p4.4"
"B0394","ENE0","p4.2"
"B0394","ENE0","p4.0"
"B0395","TRB2","p3.6"
"B0395","TRB2","p3.4"
"B0396","TRB1","p3.8"
"B0398","SBK2","p4.8"
"B0399","SBK2","p4.8"
"B0400","SBK2","p4.8"
"B0401","SBK2","p4.8"
"B0402","SBK2","p4.8"
"B0403","SBK2","p4.8"
"B0404","SBK2","p4.8"
"B0405","SBK1","p5.0"
"B0405","SBK1","p4.8"
"B0405","SBK2","p4.8"
"B0405","LgK2","p4.6"
"B0405","LgK2","p4.4"
"B0406","SBK2","p4.8"
"B0407","SBK1","p5.0"
"B0407","SBK1","p4.8"
"B0407","SBK2","p4.8"
"B0407","LgK2","p4.6"
"B0407","LgK2","p4.4"
"B0408","SBK1","p5.0"
"B0408","SBK1","p4.8"
"B0410","ENE0","p4.4"
"B0410","ENE0","p4.2"
"B0410","ENE0","p4.0"
"B0414","LgK2","p4.6"
"B0414","LgK2","p4.4"
"B0415","LgK2","p4.6"
"B0415","LgK2","p4.4"
"B0417","ENE0","p4.4"
"B0417","ENE0","p4.2"
"B0417","ENE0","p4.0"
"B0422","SBK2","p4.8"
"B0425","LgK2","p4.6"
"B0425","LgK2","p4.4"
"B0426","SBK2","p4.8"
"B0426","LgK2","p4.6"
"B0426","LgK2","p4.4"
"B0427","SBK2","p4.8"
"B0428","SBK2","p4.8"
"B0429","SBK2","p4.8"
"B0429","LgK2","p4.6"
"B0429","LgK2","p4.4"
"B0430","SBK2","p4.8"
"B0431","SBK2","p4.8"
"B0432","SBK2","p4.8"
"B0433","SBK2","p4.8"
"B0433","ENE0","p4.4"
"B0433","ENE0","p4.2"
"B0433","ENE0","p4.0"
"B0434","ENE0","p4.4"
"B0434","ENE0","p4.2"
"B0434","ENE0","p4.0"
"B0437","SBK2","p4.8"
"B0444","SBK1","p5.0"
"B0444","SBK1","p4.8"
"B0444","ENE0","p4.4"
"B0444","ENE0","p4.2"
"B0444","ENE0","p4.0"
"B0445","SBK2","p4.8"
"B0446","LgK2","p4.6"
"B0446","LgK2","p4.4"
"B0448","SBK2","p4.8"
"B0449","SBK2","p4.8"
"B0451","LgK2","p4.6"
"B0451","LgK2","p4.4"
"B0453","LgK2","p4.6"
"B0453","LgK2","p4.4"
"B0455","SBK2","p4.8"
"B0456","SBK1","p5.0"
"B0456","SBK1","p4.8"
"B0456","LgK2","p4.6"
"B0456","LgK2","p4.4"
"B0458","SBK1","p5.0"
"B0458","SBK1","p4.8"
"B0459","SBK2","p4.8"
"B0464","ENE0","p4.4"
"B0464","ENE0","p4.2"
"B0464","ENE0","p4.0"
"B0465","SBK2","p4.8"
"B0469","SBK2","p4.8"
"B0469","LgK2","p4.6"
"B0469","LgK2","p4.4"
"B0470","SBK2","p4.8"
"B0472","SBK2","p4.8"
"B0472","ENE0","p4.4"
"B0472","ENE0","p4.2"
"B0472","ENE0","p4.0"
"B0477","LgK2","p4.6"
"B0477","LgK2","p4.4"
"B0478","SBK2","p4.8"
"B0479","SBK2","p4.8"
"B0480","SBK2","p4.8"
"B0488","LgK2","p4.6"
"B0488","LgK2","p4.4"
"B0489","SBK2","p4.8"
"B0490","ENE0","p4.4"
"B0490","ENE0","p4.2"
"B0490","ENE0","p4.0"
"B0494","SBK2","p4.8"
"B0496","SBK1","p5.0"
"B0496","SBK1","p4.8"
"B0499","SBK1","p5.0"
"B0499","SBK1","p4.8"
"B0502","SBK2","p4.8"
"B0506","SBK2","p4.8"
"B0509","SBK2","p4.8"
"B0509","TRB1","p3.8"
"B0510","SBK2","p4.8"
"B0511","LgK2","p4.6"
"B0511","LgK2","p4.4"
"B0512","ENE0","p4.4"
"B0512","ENE0","p4.2"
"B0512","ENE0","p4.0"
"B0515","ENE0","p4.4"
"B0515","ENE0","p4.2"
"B0515","ENE0","p4.0"
"B0518","LgK2","p4.6"
"B0518","LgK2","p4.4"
"B0519","LgK2","p4.6"
"B0519","LgK2","p4.4"
"B0520","SBK2","p4.8"
"B0521","LgK2","p4.6"
"B0521","LgK2","p4.4"
"B0521","ENE0","p4.4"
"B0521","ENE0","p4.2"
"B0521","ENE0","p4.0"
"B0523","LgK2","p4.6"
"B0523","LgK2","p4.4"
"B0525","LgK2","p4.6"
"B0525","LgK2","p4.4"
"B0526","SBK2","p4.8"
"B0530","SBK2","p4.8"
"B0531","ENE0","p4.4"
"B0531","ENE0","p4.2"
"B0531","ENE0","p4.0"
"B0532","SBK2","p4.8"
"B0534","SBK2","p4.8"
"B0534","LgK2","p4.6"
"B0534","LgK2","p4.4"
"B0536","LgK2","p4.6"
"B0536","LgK2","p4.4"
"B0536","ENE0","p4.4"
"B0536","ENE0","p4.2"
"B0536","ENE0","p4.0"
"B0539","SBK2","p4.8"
"B0542","SBK2","p4.8"
"B0542","LgK2","p4.6"
"B0542","LgK2","p4.4"
"B0542","ENE0","p4.4"
"B0542","ENE0","p4.2"
"B0542","ENE0","p4.0"
"B0542","TRB1","p3.8"
"B0543","LgK2","p4.6"
"B0543","LgK2","p4.4"
"B0544","ENE0","p4.4"
"B0544","ENE0","p4.2"
"B0544","ENE0","p4.0"
"B0545","SBK2","p4.8"
"B0548","LgK2","p4.6"
"B0548","LgK2","p4.4"
"B0552","ENE0","p4.4"
"B0552","ENE0","p4.2"
"B0552","ENE0","p4.0"
"B0557","SBK2","p4.8"
"B0558","SBK2","p4.8"
"B0559","SBK2","p4.8"
"B0560","LgK2","p4.6"
"B0560","LgK2","p4.4"
"B0563","ENE0","p4.4"
"B0563","ENE0","p4.2"
"B0563","ENE0","p4.0"
"B0564","LgK2","p4.6"
"B0564","LgK2","p4.4"
"B0564","ENE0","p4.4"
"B0564","ENE0","p4.2"
"B0564","ENE0","p4.0"
"B0564","TRB1","p3.8"
"B0565","SBK2","p4.8"
"B0566","SBK2","p4.8"
"B0567","SBK2","p4.8"
"B0567","ENE0","p4.4"
"B0567","ENE0","p4.2"
"B0567","ENE0","p4.0"
"B0570","TRB2","p3.6"
"B0570","TRB2","p3.4"
"B0571","ENE0","p4.4"
"B0571","ENE0","p4.2"
"B0571","ENE0","p4.0"
"B0576","SBK1","p5.0"
"B0576","SBK1","p4.8"
"B0578","ENE0","p4.4"
"B0578","ENE0","p4.2"
"B0578","ENE0","p4.0"
"B0581","TRB2","p3.6"
"B0581","TRB2","p3.4"
"B0583","ENE0","p4.4"
"B0583","ENE0","p4.2"
"B0583","ENE0","p4.0"
"B0585","ENE0","p4.4"
"B0585","ENE0","p4.2"
"B0585","ENE0","p4.0"
"B0586","ENE0","p4.4"
"B0586","ENE0","p4.2"
"B0586","ENE0","p4.0"
"B0587","LgK2","p4.6"
"B0587","LgK2","p4.4"
"B0587","ENE0","p4.4"
"B0587","ENE0","p4.2"
"B0587","ENE0","p4.0"
"B0590","ENE0","p4.4"
"B0590","ENE0","p4.2"
"B0590","ENE0","p4.0"
"B0593","ENE0","p4.4"
"B0593","ENE0","p4.2"
"B0593","ENE0","p4.0"
"B0595","ENE0","p4.4"
"B0595","ENE0","p4.2"
"B0595","ENE0","p4.0"
"B0596","SBK2","p4.8"
"B0599","ENE0","p4.4"
"B0599","ENE0","p4.2"
"B0599","ENE0","p4.0"
"B0607","ENE0","p4.4"
"B0607","ENE0","p4.2"
"B0607","ENE0","p4.0"
"B0613","TRB1","p3.8"
"B0614","ENE0","p4.4"
"B0614","ENE0","p4.2"
"B0614","ENE0","p4.0"
"M0001","LgK2","p4.6"
"M0001","LgK2","p4.4"
"M0002","TRB2","p3.6"
"M0002","TRB2","p3.4"
"M0004","TRB2","p3.6"
"M0004","TRB2","p3.4"
"M0006","LgK1","p4.8"
"M0006","LgK1","p4.6"
"M0007","ENE0","p4.4"
"M0007","ENE0","p4.2"
"M0008","LgK2","p4.6"
"M0008","LgK2","p4.4"
"M0009","LgK1","p4.8"
"M0009","LgK1","p4.6"
"M0013","LgK2","p4.6"
"M0013","LgK2","p4.4"
"M0016","LgK2","p4.6"
"M0016","LgK2","p4.4"
"M0017","LgK2","p4.6"
"M0017","LgK2","p4.4"
"M0018","LgK2","p4.6"
"M0018","LgK2","p4.4"
"M0021","LgK2","p4.6"
"M0021","LgK2","p4.4"
"M0022","LgK2","p4.6"
"M0022","LgK2","p4.4"
"M0023","LgK2","p4.6"
"M0023","LgK2","p4.4"
"M0026","LgK1","p4.8"
"M0026","LgK1","p4.6"
"M0027","ENE0","p4.4"
"M0027","ENE0","p4.2"
"M0029","LgK2","p4.6"
"M0029","LgK2","p4.4"
"M0031","TRB1","p3.8"
"M0032","LgK2","p4.6"
"M0032","LgK2","p4.4"
"M0033","LgK2","p4.6"
"M0033","LgK2","p4.4"
"M0034","LgK2","p4.6"
"M0034","LgK2","p4.4"
"M0037","LgK2","p4.6"
"M0037","LgK2","p4.4"
"M0039","LgK2","p4.6"
"M0039","LgK2","p4.4"
"M0039","TRB1","p3.8"
"M0039","TRB2","p3.6"
"M0039","TRB2","p3.4"
"M0040","LgK2","p4.6"
"M0040","LgK2","p4.4"
"M0043","LgK2","p4.6"
"M0043","LgK2","p4.4"
"M0045","LgK2","p4.6"
"M0045","LgK2","p4.4"
"M0046","TRB2","p3.6"
"M0046","TRB2","p3.4"
"M0051","LgK1","p4.8"
"M0051","LgK1","p4.6"
"M0052","LgK1","p4.8"
"M0052","LgK1","p4.6"
"M0053","LgK2","p4.6"
"M0053","LgK2","p4.4"
"M0054","LgK2","p4.6"
"M0054","LgK2","p4.4"
"M0055","SBK1","p5.0"
"M0055","SBK1","p4.8"
"M0056","LgK2","p4.6"
"M0056","LgK2","p4.4"
"M0057","LgK1","p4.8"
"M0057","LgK1","p4.6"
"M0058","LgK1","p4.8"
"M0058","LgK1","p4.6"
"M0059","LgK1","p4.8"
"M0059","LgK1","p4.6"
"M0060","LgK2","p4.6"
"M0060","LgK2","p4.4"
"M0061","LgK1","p4.8"
"M0061","LgK1","p4.6"
"M0062","LgK2","p4.6"
"M0062","LgK2","p4.4"
"M0068","SBK1","p5.0"
"M0068","SBK1","p4.8"
"M0068","LgK2","p4.6"
"M0068","LgK2","p4.4"
"M0072","LgK2","p4.6"
"M0072","LgK2","p4.4"
"M0074","LgK2","p4.6"
"M0074","LgK2","p4.4"
"M0075","LgK2","p4.6"
"M0075","LgK2","p4.4"
"M0076","LgK2","p4.6"
"M0076","LgK2","p4.4"
"M0077","LgK2","p4.6"
"M0077","LgK2","p4.4"
"M0078","LgK2","p4.6"
"M0078","LgK2","p4.4"
"M0079","LgK2","p4.6"
"M0079","LgK2","p4.4"
"M0081","LgK2","p4.6"
"M0081","LgK2","p4.4"
"M0082","LgK2","p4.6"
"M0082","LgK2","p4.4"
"M0082","ENE0","p4.4"
"M0082","ENE0","p4.2"
"M0083","LgK2","p4.6"
"M0083","LgK2","p4.4"
"M0083","ENE0","p4.4"
"M0083","ENE0","p4.2"
"M0085","LgK2","p4.6"
"M0085","LgK2","p4.4"
"M0086","LgK2","p4.6"
"M0086","LgK2","p4.4"
"M0087","LgK1","p4.8"
"M0087","LgK1","p4.6"
"M0088","LgK1","p4.8"
"M0088","LgK1","p4.6"
"M0089","LgK1","p4.8"
"M0089","LgK1","p4.6"
"M0090","LgK2","p4.6"
"M0090","LgK2","p4.4"
"M0091","TRB2","p3.6"
"M0091","TRB2","p3.4"
"M0092","LgK2","p4.6"
"M0092","LgK2","p4.4"
"M0092","ENE0","p4.4"
"M0092","ENE0","p4.2"
"M0093","LgK2","p4.6"
"M0093","LgK2","p4.4"
"M0094","TRB1","p3.8"
"M0095","LgK2","p4.6"
"M0095","LgK2","p4.4"
"M0096","LgK2","p4.6"
"M0096","LgK2","p4.4"
"M0099","TRB1","p3.8"
"M0102","TRB2","p3.6"
"M0102","TRB2","p3.4"
"M0103","TRB1","p3.8"
"M0104","LgK2","p4.6"
"M0104","LgK2","p4.4"
"M0104","ENE0","p4.4"
"M0104","ENE0","p4.2"
"M0105","SBK1","p5.0"
"M0105","SBK1","p4.8"
"M0106","LgK1","p4.8"
"M0106","LgK1","p4.6"
"M0107","LgK2","p4.6"
"M0107","LgK2","p4.4"
"M0109","SBK1","p5.0"
"M0109","SBK1","p4.8"
"M0109","LgK2","p4.6"
"M0109","LgK2","p4.4"
"M0110","LgK2","p4.6"
"M0110","LgK2","p4.4"
"M0110","TRB2","p3.6"
"M0110","TRB2","p3.4"
"M0114","LgK2","p4.6"
"M0114","LgK2","p4.4"
"M0116","LgK1","p4.8"
"M0116","LgK1","p4.6"
"M0117","LgK2","p4.6"
"M0117","LgK2","p4.4"
"M0118","LgK1","p4.8"
"M0118","LgK1","p4.6"
"M0119","LgK1","p4.8"
"M0119","LgK1","p4.6"
"M0120","LgK1","p4.8"
"M0120","LgK1","p4.6"
"M0123","LgK2","p4.6"
"M0123","LgK2","p4.4"
"M0124","LgK1","p4.8"
"M0124","LgK1","p4.6"
"M0126","LgK2","p4.6"
"M0126","LgK2","p4.4"
"M0127","TRB2","p3.6"
"M0127","TRB2","p3.4"
"M0128","SBK1","p5.0"
"M0128","SBK1","p4.8"
"M0129","LgK1","p4.8"
"M0129","LgK1","p4.6"
"M0130","LgK1","p4.8"
"M0130","LgK1","p4.6"
"M0131","LgK2","p4.6"
"M0131","LgK2","p4.4"
"M0131","TRB2","p3.6"
"M0131","TRB2","p3.4"
"M0132","SBK1","p5.0"
"M0132","SBK1","p4.8"
"M0132","LgK2","p4.6"
"M0132","LgK2","p4.4"
"M0135","SBK1","p5.0"
"M0135","SBK1","p4.8"
"M0136","LgK2","p4.6"
"M0136","LgK2","p4.4"
"M0137","LgK1","p4.8"
"M0137","LgK1","p4.6"
"M0138","LgK2","p4.6"
"M0138","LgK2","p4.4"
"M0139","LgK2","p4.6"
"M0139","LgK2","p4.4"
"M0141","LgK2","p4.6"
"M0141","LgK2","p4.4"
"M0143","LgK1","p4.8"
"M0143","LgK1","p4.6"
"M0144","LgK2","p4.6"
"M0144","LgK2","p4.4"
"M0145","LgK2","p4.6"
"M0145","LgK2","p4.4"
"M0146","ENE0","p4.4"
"M0146","ENE0","p4.2"
"M0147","LgK2","p4.6"
"M0147","LgK2","p4.4"
"M0147","TRB1","p3.8"
"M0147","TRB2","p3.6"
"M0147","TRB2","p3.4"
"M0148","LgK2","p4.6"
"M0148","LgK2","p4.4"
"M0148","ENE0","p4.4"
"M0148","ENE0","p4.2"
"M0148","TRB1","p3.8"
"M0148","TRB2","p3.6"
"M0148","TRB2","p3.4"
"M0149","LgK2","p4.6"
"M0149","LgK2","p4.4"
"M0149","ENE0","p4.4"
"M0149","ENE0","p4.2"
"M0150","LgK2","p4.6"
"M0150","LgK2","p4.4"
"M0152","TRB1","p3.8"
"M0153","LgK2","p4.6"
"M0153","LgK2","p4.4"
"M0154","LgK2","p4.6"
"M0154","LgK2","p4.4"
"M0156","LgK2","p4.6"
"M0156","LgK2","p4.4"
"M0157","LgK2","p4.6"
"M0157","LgK2","p4.4"
"M0157","ENE0","p4.4"
"M0157","ENE0","p4.2"
"M0158","LgK2","p4.6"
"M0158","LgK2","p4.4"
"M0159","LgK2","p4.6"
"M0159","LgK2","p4.4"
"M0160","LgK2","p4.6"
"M0160","LgK2","p4.4"
"M0160","ENE0","p4.4"
"M0160","ENE0","p4.2"
"M0161","LgK2","p4.6"
"M0161","LgK2","p4.4"
"M0162","LgK2","p4.6"
"M0162","LgK2","p4.4"
"M0163","LgK2","p4.6"
"M0163","LgK2","p4.4"
"M0164","TRB1","p3.8"
"M0165","LgK2","p4.6"
"M0165","LgK2","p4.4"
"M0167","LgK1","p4.8"
"M0167","LgK1","p4.6"
"M0167","LgK2","p4.6"
"M0167","LgK2","p4.4"
"M0167","TRB2","p3.6"
"M0167","TRB2","p3.4"
"M0168","LgK2","p4.6"
"M0168","LgK2","p4.4"
"M0168","TRB2","p3.6"
"M0168","TRB2","p3.4"
"M0169","LgK2","p4.6"
"M0169","LgK2","p4.4"
"M0169","TRB2","p3.6"
"M0169","TRB2","p3.4"
"M0170","LgK2","p4.6"
"M0170","LgK2","p4.4"
"M0171","LgK2","p4.6"
"M0171","LgK2","p4.4"
"M0173","LgK2","p4.6"
"M0173","LgK2","p4.4"
"M0173","ENE0","p4.4"
"M0173","ENE0","p4.2"
"M0177","LgK2","p4.6"
"M0177","LgK2","p4.4"
"M0178","LgK2","p4.6"
"M0178","LgK2","p4.4"
"M0182","LgK2","p4.6"
"M0182","LgK2","p4.4"
"M0183","LgK2","p4.6"
"M0183","LgK2","p4.4"
"M0184","LgK2","p4.6"
"M0184","LgK2","p4.4"
"M0185","LgK2","p4.6"
"M0185","LgK2","p4.4"
"M0186","LgK2","p4.6"
"M0186","LgK2","p4.4"
"M0187","LgK2","p4.6"
"M0187","LgK2","p4.4"
"M0188","LgK2","p4.6"
"M0188","LgK2","p4.4"
"M0189","LgK1","p4.8"
"M0189","LgK1","p4.6"
"M0191","LgK2","p4.6"
"M0191","LgK2","p4.4"
"M0191","TRB2","p3.6"
"M0191","TRB2","p3.4"
"M0192","LgK2","p4.6"
"M0192","LgK2","p4.4"
"M0193","LgK2","p4.6"
"M0193","LgK2","p4.4"
"M0194","TRB1","p3.8"
"M0195","SBK1","p5.0"
"M0195","SBK1","p4.8"
"M0195","LgK2","p4.6"
"M0195","LgK2","p4.4"
"M0195","ENE0","p4.4"
"M0195","ENE0","p4.2"
"M0196","TRB1","p3.8"
"M0197","LgK1","p4.8"
"M0197","LgK1","p4.6"
"M0198","TRB2","p3.6"
"M0198","TRB2","p3.4"
"M0199","ENE0","p4.4"
"M0199","ENE0","p4.2"
"M0201","LgK2","p4.6"
"M0201","LgK2","p4.4"
"M0202","LgK2","p4.6"
"M0202","LgK2","p4.4"
"M0203","LgK2","p4.6"
"M0203","LgK2","p4.4"
"M0204","LgK2","p4.6"
"M0204","LgK2","p4.4"
"M0204","TRB2","p3.6"
"M0204","TRB2","p3.4"
"M0205","LgK2","p4.6"
"M0205","LgK2","p4.4"
"M0205","ENE0","p4.4"
"M0205","ENE0","p4.2"
"M0205","TRB2","p3.6"
"M0205","TRB2","p3.4"
"M0206","LgK2","p4.6"
"M0206","LgK2","p4.4"
"M0206","TRB1","p3.8"
"M0206","TRB2","p3.6"
"M0206","TRB2","p3.4"
"M0207","LgK2","p4.6"
"M0207","LgK2","p4.4"
"M0208","LgK2","p4.6"
"M0208","LgK2","p4.4"
"M0209","LgK2","p4.6"
"M0209","LgK2","p4.4"
"M0211","LgK2","p4.6"
"M0211","LgK2","p4.4"
"M0211","ENE0","p4.4"
"M0211","ENE0","p4.2"
"M0212","LgK2","p4.6"
"M0212","LgK2","p4.4"
"M0212","ENE0","p4.4"
"M0212","ENE0","p4.2"
"M0214","LgK2","p4.6"
"M0214","LgK2","p4.4"
"M0215","LgK2","p4.6"
"M0215","LgK2","p4.4"
"M0215","TRB2","p3.6"
"M0215","TRB2","p3.4"
"M0216","LgK2","p4.6"
"M0216","LgK2","p4.4"
"M0216","TRB2","p3.6"
"M0216","TRB2","p3.4"
"M0218","TRB1","p3.8"
"M0218","TRB2","p3.6"
"M0218","TRB2","p3.4"
"M0221","LgK2","p4.6"
"M0221","LgK2","p4.4"
"M0222","ENE0","p4.4"
"M0222","ENE0","p4.2"
"M0223","LgK2","p4.6"
"M0223","LgK2","p4.4"
"M0224","LgK2","p4.6"
"M0224","LgK2","p4.4"
"M0225","LgK2","p4.6"
"M0225","LgK2","p4.4"
"M0226","LgK2","p4.6"
"M0226","LgK2","p4.4"
"M0227","LgK2","p4.6"
"M0227","LgK2","p4.4"
"M0228","ENE0","p4.4"
"M0228","ENE0","p4.2"
"M0229","LgK2","p4.6"
"M0229","LgK2","p4.4"
"M0230","ENE0","p4.4"
"M0230","ENE0","p4.2"
"M0231","TRB1","p3.8"
"M0232","LgK2","p4.6"
"M0232","LgK2","p4.4"
"M0233","LgK2","p4.6"
"M0233","LgK2","p4.4"
"M0234","SBK1","p5.0"
"M0234","SBK1","p4.8"
"M0235","LgK2","p4.6"
"M0235","LgK2","p4.4"
"M0236","LgK2","p4.6"
"M0236","LgK2","p4.4"
"M0236","TRB2","p3.6"
"M0236","TRB2","p3.4"
"M0237","LgK2","p4.6"
"M0237","LgK2","p4.4"
"M0237","TRB2","p3.6"
"M0237","TRB2","p3.4"
"M0238","LgK2","p4.6"
"M0238","LgK2","p4.4"
"M0239","LgK2","p4.6"
"M0239","LgK2","p4.4"
"M0240","LgK2","p4.6"
"M0240","LgK2","p4.4"
"M0241","ENE0","p4.4"
"M0241","ENE0","p4.2"
"M0242","LgK2","p4.6"
"M0242","LgK2","p4.4"
"M0243","LgK2","p4.6"
"M0243","LgK2","p4.4"
"M0244","LgK2","p4.6"
"M0244","LgK2","p4.4"
"M0245","LgK2","p4.6"
"M0245","LgK2","p4.4"
"M0245","ENE0","p4.4"
"M0245","ENE0","p4.2"
"M0245","TRB1","p3.8"
"M0245","TRB2","p3.6"
"M0245","TRB2","p3.4"
"M0246","LgK2","p4.6"
"M0246","LgK2","p4.4"
"M0247","LgK2","p4.6"
"M0247","LgK2","p4.4"
"M0248","LgK2","p4.6"
"M0248","LgK2","p4.4"
"M0249","LgK2","p4.6"
"M0249","LgK2","p4.4"
"M0250","TRB2","p3.6"
"M0250","TRB2","p3.4"
"M0251","TRB1","p3.8"
"M0253","LgK2","p4.6"
"M0253","LgK2","p4.4"
"M0254","LgK2","p4.6"
"M0254","LgK2","p4.4"
"M0255","LgK2","p4.6"
"M0255","LgK2","p4.4"
"M0255","ENE0","p4.4"
"M0255","ENE0","p4.2"
"M0256","TRB2","p3.6"
"M0256","TRB2","p3.4"
"M0257","LgK2","p4.6"
"M0257","LgK2","p4.4"
"M0258","LgK2","p4.6"
"M0258","LgK2","p4.4"
"M0259","LgK2","p4.6"
"M0259","LgK2","p4.4"
"M0262","LgK2","p4.6"
"M0262","LgK2","p4.4"
"M0263","LgK2","p4.6"
"M0263","LgK2","p4.4"
"M0264","ENE0","p4.4"
"M0264","ENE0","p4.2"
"M0265","LgK1","p4.8"
"M0265","LgK1","p4.6"
"M0266","LgK2","p4.6"
"M0266","LgK2","p4.4"
"M0267","LgK2","p4.6"
"M0267","LgK2","p4.4"
"M0267","ENE0","p4.4"
"M0267","ENE0","p4.2"
"M0269","TRB1","p3.8"
"M0270","LgK2","p4.6"
"M0270","LgK2","p4.4"
"M0272","LgK2","p4.6"
"M0272","LgK2","p4.4"
"M0275","LgK1","p4.8"
"M0275","LgK1","p4.6"
"M0275","LgK2","p4.6"
"M0275","LgK2","p4.4"
"M0278","LgK1","p4.8"
"M0278","LgK1","p4.6"
"M0279","LgK1","p4.8"
"M0279","LgK1","p4.6"
"M0279","ENE0","p4.4"
"M0279","ENE0","p4.2"
"M0280","LgK1","p4.8"
"M0280","LgK1","p4.6"
"M0282","LgK1","p4.8"
"M0282","LgK1","p4.6"
"M0283","LgK1","p4.8"
"M0283","LgK1","p4.6"
"M0285","LgK2","p4.6"
"M0285","LgK2","p4.4"
"M0285","ENE0","p4.4"
"M0285","ENE0","p4.2"
"M0287","LgK2","p4.6"
"M0287","LgK2","p4.4"
"M0288","LgK2","p4.6"
"M0288","LgK2","p4.4"
"M0289","LgK2","p4.6"
"M0289","LgK2","p4.4"
"M0290","LgK2","p4.6"
"M0290","LgK2","p4.4"
"M0290","TRB1","p3.8"
"M0291","ENE0","p4.4"
"M0291","ENE0","p4.2"
"M0292","LgK2","p4.6"
"M0292","LgK2","p4.4"
"M0293","LgK2","p4.6"
"M0293","LgK2","p4.4"
"M0294","LgK1","p4.8"
"M0294","LgK1","p4.6"
"M0294","LgK2","p4.6"
"M0294","LgK2","p4.4"
"M0299","LgK1","p4.8"
"M0299","LgK1","p4.6"
"M0302","SBK1","p5.0"
"M0302","SBK1","p4.8"
"M0302","LgK2","p4.6"
"M0302","LgK2","p4.4"
"M0302","TRB1","p3.8"
"M0304","LgK1","p4.8"
"M0304","LgK1","p4.6"
"M0306","LgK1","p4.8"
"M0306","LgK1","p4.6"
"M0307","TRB1","p3.8"
"M0307","TRB2","p3.6"
"M0307","TRB2","p3.4"
"M0309","ENE0","p4.4"
"M0309","ENE0","p4.2"
"M0309","TRB2","p3.6"
"M0309","TRB2","p3.4"
"M0311","LgK2","p4.6"
"M0311","LgK2","p4.4"
"M0313","LgK2","p4.6"
"M0313","LgK2","p4.4"
"M0313","TRB1","p3.8"
"M0315","LgK1","p4.8"
"M0315","LgK1","p4.6"
"M0318","LgK1","p4.8"
"M0318","LgK1","p4.6"
"M0320","LgK2","p4.6"
"M0320","LgK2","p4.4"
"M0320","ENE0","p4.4"
"M0320","ENE0","p4.2"
"M0320","TRB1","p3.8"
"M0324","LgK2","p4.6"
"M0324","LgK2","p4.4"
"M0325","LgK2","p4.6"
"M0325","LgK2","p4.4"
"M0326","LgK2","p4.6"
"M0326","LgK2","p4.4"
"M0327","TRB2","p3.6"
"M0327","TRB2","p3.4"
"M0328","LgK2","p4.6"
"M0328","LgK2","p4.4"
"M0329","LgK2","p4.6"
"M0329","LgK2","p4.4"
"M0330","TRB2","p3.6"
"M0330","TRB2","p3.4"
"M0331","LgK1","p4.8"
"M0331","LgK1","p4.6"
"M0332","LgK1","p4.8"
"M0332","LgK1","p4.6"
"M0332","LgK2","p4.6"
"M0332","LgK2","p4.4"
"M0333","LgK2","p4.6"
"M0333","LgK2","p4.4"
"M0333","TRB2","p3.6"
"M0333","TRB2","p3.4"
"M0334","ENE0","p4.4"
"M0334","ENE0","p4.2"
"M0336","TRB1","p3.8"
"M0337","LgK2","p4.6"
"M0337","LgK2","p4.4"
"M0338","LgK2","p4.6"
"M0338","LgK2","p4.4"
"M0339","TRB1","p3.8"
"M0339","TRB2","p3.6"
"M0339","TRB2","p3.4"
"M0340","SBK1","p5.0"
"M0340","SBK1","p4.8"
"M0340","LgK2","p4.6"
"M0340","LgK2","p4.4"
"M0340","ENE0","p4.4"
"M0340","ENE0","p4.2"
"M0340","TRB1","p3.8"
"M0341","LgK2","p4.6"
"M0341","LgK2","p4.4"
"M0341","ENE0","p4.4"
"M0341","ENE0","p4.2"
"M0341","TRB2","p3.6"
"M0341","TRB2","p3.4"
"M0342","LgK2","p4.6"
"M0342","LgK2","p4.4"
"M0343","SBK1","p5.0"
"M0343","SBK1","p4.8"
"M0343","LgK2","p4.6"
"M0343","LgK2","p4.4"
"M0344","ENE0","p4.4"
"M0344","ENE0","p4.2"
"M0347","LgK2","p4.6"
"M0347","LgK2","p4.4"
"M0348","LgK2","p4.6"
"M0348","LgK2","p4.4"
"M0349","LgK2","p4.6"
"M0349","LgK2","p4.4"
"M0351","LgK2","p4.6"
"M0351","LgK2","p4.4"
"M0352","LgK1","p4.8"
"M0352","LgK1","p4.6"
"M0352","ENE0","p4.4"
"M0352","ENE0","p4.2"
"M0352","TRB1","p3.8"
"M0353","LgK2","p4.6"
"M0353","LgK2","p4.4"
"M0354","LgK1","p4.8"
"M0354","LgK1","p4.6"
"M0356","LgK1","p4.8"
"M0356","LgK1","p4.6"
"M0360","LgK2","p4.6"
"M0360","LgK2","p4.4"
"M0362","SBK1","p5.0"
"M0362","SBK1","p4.8"
"M0362","LgK1","p4.8"
"M0362","LgK1","p4.6"
"M0363","LgK2","p4.6"
"M0363","LgK2","p4.4"
"M0364","SBK1","p5.0"
"M0364","SBK1","p4.8"
"M0364","LgK2","p4.6"
"M0364","LgK2","p4.4"
"M0365","LgK2","p4.6"
"M0365","LgK2","p4.4"
"M0366","ENE0","p4.4"
"M0366","ENE0","p4.2"
"M0367","LgK2","p4.6"
"M0367","LgK2","p4.4"
"M0368","SBK1","p5.0"
"M0368","SBK1","p4.8"
"M0370","LgK1","p4.8"
"M0370","LgK1","p4.6"
"M0372","LgK1","p4.8"
"M0372","LgK1","p4.6"
"M0373","TRB2","p3.6"
"M0373","TRB2","p3.4"
"M0374","SBK1","p5.0"
"M0374","SBK1","p4.8"
"M0375","LgK2","p4.6"
"M0375","LgK2","p4.4"
"M0378","LgK1","p4.8"
"M0378","LgK1","p4.6"
"M0378","LgK2","p4.6"
"M0378","LgK2","p4.4"
"M0379","LgK1","p4.8"
"M0379","LgK1","p4.6"
"M0380","LgK1","p4.8"
"M0380","LgK1","p4.6"
"M0382","ENE0","p4.4"
"M0382","ENE0","p4.2"
"M0383","LgK2","p4.6"
"M0383","LgK2","p4.4"
"M0384","LgK2","p4.6"
"M0384","LgK2","p4.4"
"M0385","SBK1","p5.0"
"M0385","SBK1","p4.8"
"M0386","LgK2","p4.6"
"M0386","LgK2","p4.4"
"M0387","LgK2","p4.6"
"M0387","LgK2","p4.4"
"M0388","ENE0","p4.4"
"M0388","ENE0","p4.2"
"M0388","TRB1","p3.8"
"M0390","LgK2","p4.6"
"M0390","LgK2","p4.4"
"M0391","LgK2","p4.6"
"M0391","LgK2","p4.4"
"M0393","LgK2","p4.6"
"M0393","LgK2","p4.4"
"M0398","LgK2","p4.6"
"M0398","LgK2","p4.4"
"M0399","LgK2","p4.6"
"M0399","LgK2","p4.4"
"M0401","ENE0","p4.4"
"M0401","ENE0","p4.2"
"M0401","TRB2","p3.6"
"M0401","TRB2","p3.4"
"M0402","SBK1","p5.0"
"M0402","SBK1","p4.8"
"M0403","LgK2","p4.6"
"M0403","LgK2","p4.4"
"M0404","LgK2","p4.6"
"M0404","LgK2","p4.4"
"M0405","LgK2","p4.6"
"M0405","LgK2","p4.4"
"M0406","LgK2","p4.6"
"M0406","LgK2","p4.4"
"M0408","LgK2","p4.6"
"M0408","LgK2","p4.4"
"M0409","LgK2","p4.6"
"M0409","LgK2","p4.4"
"M0411","SBK1","p5.0"
"M0411","SBK1","p4.8"
"M0413","LgK2","p4.6"
"M0413","LgK2","p4.4"
"M0415","SBK1","p5.0"
"M0415","SBK1","p4.8"
"M0416","LgK2","p4.6"
"M0416","LgK2","p4.4"
"M0421","ENE0","p4.4"
"M0421","ENE0","p4.2"
"M0422","LgK2","p4.6"
"M0422","LgK2","p4.4"
"M0424","TRB1","p3.8"
"M0425","LgK1","p4.8"
"M0425","LgK1","p4.6"
"M0425","LgK2","p4.6"
"M0425","LgK2","p4.4"
"M0425","ENE0","p4.4"
"M0425","ENE0","p4.2"
"M0429","LgK2","p4.6"
"M0429","LgK2","p4.4"
"M0430","TRB2","p3.6"
"M0430","TRB2","p3.4"
"M0432","LgK2","p4.6"
"M0432","LgK2","p4.4"
"M0434","LgK1","p4.8"
"M0434","LgK1","p4.6"
"M0439","LgK1","p4.8"
"M0439","LgK1","p4.6"
"M0440","LgK2","p4.6"
"M0440","LgK2","p4.4"
"M0441","LgK2","p4.6"
"M0441","LgK2","p4.4"
"M0442","LgK2","p4.6"
"M0442","LgK2","p4.4"
"M0442","ENE0","p4.4"
"M0442","ENE0","p4.2"
"M0443","TRB2","p3.6"
"M0443","TRB2","p3.4"
"M0445","ENE0","p4.4"
"M0445","ENE0","p4.2"
"M0446","ENE0","p4.4"
"M0446","ENE0","p4.2"
"M0447","ENE0","p4.4"
"M0447","ENE0","p4.2"
"M0449","LgK1","p4.8"
"M0449","LgK1","p4.6"
"M0450","LgK2","p4.6"
"M0450","LgK2","p4.4"
"M0451","LgK2","p4.6"
"M0451","LgK2","p4.4"
"M0452","LgK2","p4.6"
"M0452","LgK2","p4.4"
"M0453","LgK2","p4.6"
"M0453","LgK2","p4.4"
"M0454","LgK2","p4.6"
"M0454","LgK2","p4.4"
"M0458","LgK1","p4.8"
"M0458","LgK1","p4.6"
"M0459","LgK1","p4.8"
"M0459","LgK1","p4.6"
"M0460","LgK2","p4.6"
"M0460","LgK2","p4.4"
"M0462","LgK2","p4.6"
"M0462","LgK2","p4.4"
"M0463","TRB1","p3.8"
"M0464","LgK2","p4.6"
"M0464","LgK2","p4.4"
"M0473","LgK1","p4.8"
"M0473","LgK1","p4.6"
"M0477","LgK2","p4.6"
"M0477","LgK2","p4.4"
"M0479","LgK2","p4.6"
"M0479","LgK2","p4.4"
"M0480","LgK2","p4.6"
"M0480","LgK2","p4.4"
"M0481","LgK2","p4.6"
"M0481","LgK2","p4.4"
"M0482","LgK2","p4.6"
"M0482","LgK2","p4.4"
"M0484","LgK1","p4.8"
"M0484","LgK1","p4.6"
"M0485","LgK1","p4.8"
"M0485","LgK1","p4.6"
"M0486","LgK2","p4.6"
"M0486","LgK2","p4.4"
"M0487","LgK2","p4.6"
"M0487","LgK2","p4.4"
"M0489","LgK2","p4.6"
"M0489","LgK2","p4.4"
"M0490","LgK2","p4.6"
"M0490","LgK2","p4.4"
"M0494","LgK1","p4.8"
"M0494","LgK1","p4.6"
"M0496","LgK2","p4.6"
"M0496","LgK2","p4.4"
"M0497","LgK1","p4.8"
"M0497","LgK1","p4.6"
"M0498","LgK1","p4.8"
"M0498","LgK1","p4.6"
"M0499","SBK1","p5.0"
"M0499","SBK1","p4.8"
"M0501","LgK2","p4.6"
"M0501","LgK2","p4.4"
"M0502","SBK1","p5.0"
"M0502","SBK1","p4.8"
"M0502","LgK1","p4.8"
"M0502","LgK1","p4.6"
"M0504","LgK2","p4.6"
"M0504","LgK2","p4.4"
"M0505","LgK1","p4.8"
"M0505","LgK1","p4.6"
"M0506","LgK2","p4.6"
"M0506","LgK2","p4.4"
"M0507","LgK2","p4.6"
"M0507","LgK2","p4.4"
"M0508","LgK2","p4.6"
"M0508","LgK2","p4.4"
"M0509","LgK1","p4.8"
"M0509","LgK1","p4.6"
"M0509","LgK2","p4.6"
"M0509","LgK2","p4.4"
"M0510","LgK2","p4.6"
"M0510","LgK2","p4.4"
"M0511","LgK2","p4.6"
"M0511","LgK2","p4.4"
"M0512","LgK1","p4.8"
"M0512","LgK1","p4.6"
"M0512","ENE0","p4.4"
"M0512","ENE0","p4.2"
"M0513","LgK1","p4.8"
"M0513","LgK1","p4.6"
"M0515","LgK1","p4.8"
"M0515","LgK1","p4.6"
"M0515","TRB1","p3.8"
"M0517","LgK1","p4.8"
"M0517","LgK1","p4.6"
"M0519","LgK1","p4.8"
"M0519","LgK1","p4.6"
"M0521","LgK2","p4.6"
"M0521","LgK2","p4.4"
"M0522","TRB1","p3.8"
"M0522","TRB2","p3.6"
"M0522","TRB2","p3.4"
"M0523","LgK2","p4.6"
"M0523","LgK2","p4.4"
"M0523","TRB1","p3.8"
"M0523","TRB2","p3.6"
"M0523","TRB2","p3.4"
"M0524","LgK2","p4.6"
"M0524","LgK2","p4.4"
"M0526","LgK2","p4.6"
"M0526","LgK2","p4.4"
"M0526","ENE0","p4.4"
"M0526","ENE0","p4.2"
"M0527","LgK2","p4.6"
"M0527","LgK2","p4.4"
"M0527","ENE0","p4.4"
"M0527","ENE0","p4.2"
"M0530","LgK2","p4.6"
"M0530","LgK2","p4.4"
"M0531","LgK2","p4.6"
"M0531","LgK2","p4.4"
"M0532","LgK2","p4.6"
"M0532","LgK2","p4.4"
"M0532","TRB2","p3.6"
"M0532","TRB2","p3.4"
"M0533","LgK2","p4.6"
"M0533","LgK2","p4.4"
"M0534","LgK2","p4.6"
"M0534","LgK2","p4.4"
"M0536","LgK2","p4.6"
"M0536","LgK2","p4.4"
"M0537","LgK2","p4.6"
"M0537","LgK2","p4.4"
"M0539","LgK2","p4.6"
"M0539","LgK2","p4.4"
"M0542","LgK2","p4.6"
"M0542","LgK2","p4.4"
"M0543","ENE0","p4.4"
"M0543","ENE0","p4.2"
"M0544","LgK2","p4.6"
"M0544","LgK2","p4.4"
"M0547","ENE0","p4.4"
"M0547","ENE0","p4.2"
"M0549","ENE0","p4.4"
"M0549","ENE0","p4.2"
"M0550","LgK2","p4.6"
"M0550","LgK2","p4.4"
"M0550","ENE0","p4.4"
"M0550","ENE0","p4.2"
"M0551","SBK1","p5.0"
"M0551","SBK1","p4.8"
"M0551","LgK2","p4.6"
"M0551","LgK2","p4.4"
"M0552","ENE0","p4.4"
"M0552","ENE0","p4.2"
"M0553","LgK2","p4.6"
"M0553","LgK2","p4.4"
"M0554","LgK2","p4.6"
"M0554","LgK2","p4.4"
"M0554","ENE0","p4.4"
"M0554","ENE0","p4.2"
"M0554","TRB1","p3.8"
"M0554","TRB2","p3.6"
"M0554","TRB2","p3.4"
"M0555","LgK2","p4.6"
"M0555","LgK2","p4.4"
"M0556","LgK2","p4.6"
"M0556","LgK2","p4.4"
"M0556","ENE0","p4.4"
"M0556","ENE0","p4.2"
"M0557","LgK1","p4.8"
"M0557","LgK1","p4.6"
"M0559","ENE0","p4.4"
"M0559","ENE0","p4.2"
"M0560","LgK2","p4.6"
"M0560","LgK2","p4.4"
"M0560","TRB1","p3.8"
"M0562","LgK2","p4.6"
"M0562","LgK2","p4.4"
"M0563","LgK2","p4.6"
"M0563","LgK2","p4.4"
"M0564","LgK2","p4.6"
"M0564","LgK2","p4.4"
"M0565","LgK2","p4.6"
"M0565","LgK2","p4.4"
"M0565","ENE0","p4.4"
"M0565","ENE0","p4.2"
"M0566","LgK2","p4.6"
"M0566","LgK2","p4.4"
"M0567","ENE0","p4.4"
"M0567","ENE0","p4.2"
"M0568","SBK1","p5.0"
"M0568","SBK1","p4.8"
"M0568","LgK2","p4.6"
"M0568","LgK2","p4.4"
"M0568","ENE0","p4.4"
"M0568","ENE0","p4.2"
"M0569","LgK2","p4.6"
"M0569","LgK2","p4.4"
"M0570","LgK2","p4.6"
"M0570","LgK2","p4.4"
"M0571","LgK2","p4.6"
"M0571","LgK2","p4.4"
"M0572","ENE0","p4.4"
"M0572","ENE0","p4.2"
"M0573","LgK2","p4.6"
"M0573","LgK2","p4.4"
"M0574","LgK2","p4.6"
"M0574","LgK2","p4.4"
"M0575","LgK1","p4.8"
"M0575","LgK1","p4.6"
"M0576","LgK2","p4.6"
"M0576","LgK2","p4.4"
"M0576","TRB1","p3.8"
"M0576","TRB2","p3.6"
"M0576","TRB2","p3.4"
"M0578","TRB1","p3.8"
"M0579","LgK1","p4.8"
"M0579","LgK1","p4.6"
"M0580","SBK1","p5.0"
"M0580","SBK1","p4.8"
"M0583","LgK1","p4.8"
"M0583","LgK1","p4.6"
"M0584","LgK1","p4.8"
"M0584","LgK1","p4.6"
"M0584","LgK2","p4.6"
"M0584","LgK2","p4.4"
"M0585","LgK2","p4.6"
"M0585","LgK2","p4.4"
"M0586","LgK2","p4.6"
"M0586","LgK2","p4.4"
"M0587","LgK1","p4.8"
"M0587","LgK1","p4.6"
"M0587","LgK2","p4.6"
"M0587","LgK2","p4.4"
"M0589","LgK2","p4.6"
"M0589","LgK2","p4.4"
"M0590","LgK2","p4.6"
"M0590","LgK2","p4.4"
"M0601","ENE0","p4.4"
"M0601","ENE0","p4.2"
"M0602","LgK1","p4.8"
"M0602","LgK1","p4.6"
"M0604","ENE0","p4.4"
"M0604","ENE0","p4.2"
"M0607","SBK1","p5.0"
"M0607","SBK1","p4.8"
"M0607","LgK2","p4.6"
"M0607","LgK2","p4.4"
"M0607","ENE0","p4.4"
"M0607","ENE0","p4.2"
"M0609","ENE0","p4.4"
"M0609","ENE0","p4.2"
"M0611","TRB1","p3.8"
"M0612","TRB1","p3.8"
"M0614","SBK1","p5.0"
"M0614","SBK1","p4.8"
"M0614","LgK1","p4.8"
"M0614","LgK1","p4.6"
"M0614","LgK2","p4.6"
"M0614","LgK2","p4.4"
"M0616","TRB1","p3.8"
"M0617","TRB2","p3.6"
"M0617","TRB2","p3.4"
"M0619","LgK1","p4.8"
"M0619","LgK1","p4.6"
"M0620","LgK1","p4.8"
"M0620","LgK1","p4.6"
"M0621","TRB2","p3.6"
"M0621","TRB2","p3.4"
"M0622","ENE0","p4.4"
"M0622","ENE0","p4.2"
"M0623","LgK2","p4.6"
"M0623","LgK2","p4.4"
"M0626","LgK2","p4.6"
"M0626","LgK2","p4.4"
"M0627","TRB2","p3.6"
"M0627","TRB2","p3.4"
"M0629","ENE0","p4.4"
"M0629","ENE0","p4.2"
"M0629","TRB2","p3.6"
"M0629","TRB2","p3.4"
"M0630","LgK2","p4.6"
"M0630","LgK2","p4.4"
"M0631","LgK2","p4.6"
"M0631","LgK2","p4.4"
"M0632","LgK2","p4.6"
"M0632","LgK2","p4.4"
"M0633","LgK2","p4.6"
"M0633","LgK2","p4.4"
"M0636","LgK2","p4.6"
"M0636","LgK2","p4.4"
"M0638","LgK2","p4.6"
"M0638","LgK2","p4.4"
"M0641","SBK1","p5.0"
"M0641","SBK1","p4.8"
"M0642","LgK2","p4.6"
"M0642","LgK2","p4.4"
"M0643","LgK1","p4.8"
"M0643","LgK1","p4.6"
"M0644","LgK2","p4.6"
"M0644","LgK2","p4.4"
"M0645","LgK1","p4.8"
"M0645","LgK1","p4.6"
"M0646","LgK2","p4.6"
"M0646","LgK2","p4.4"
"M0648","LgK2","p4.6"
"M0648","LgK2","p4.4"
"M0649","LgK2","p4.6"
"M0649","LgK2","p4.4"
"M0649","ENE0","p4.4"
"M0649","ENE0","p4.2"
"M0650","LgK2","p4.6"
"M0650","LgK2","p4.4"
"M0651","LgK2","p4.6"
"M0651","LgK2","p4.4"
"M0652","SBK1","p5.0"
"M0652","SBK1","p4.8"
"M0652","SBK2","p4.8"
"M0652","LgK2","p4.6"
"M0652","LgK2","p4.4"
"M0652","ENE0","p4.4"
"M0652","ENE0","p4.2"
"M0652","TRB2","p3.6"
"M0652","TRB2","p3.4"
"M0653","SBK1","p5.0"
"M0653","SBK1","p4.8"
"M0654","LgK1","p4.8"
"M0654","LgK1","p4.6"
"M0656","ENE0","p4.4"
"M0656","ENE0","p4.2"
"M0658","SBK1","p5.0"
"M0658","SBK1","p4.8"
"M0659","LgK1","p4.8"
"M0659","LgK1","p4.6"
"M0659","LgK2","p4.6"
"M0659","LgK2","p4.4"
"M0661","LgK2","p4.6"
"M0661","LgK2","p4.4"
"M0661","TRB2","p3.6"
"M0661","TRB2","p3.4"
"M0662","SBK1","p5.0"
"M0662","SBK1","p4.8"
"M0663","LgK2","p4.6"
"M0663","LgK2","p4.4"
"M0664","LgK2","p4.6"
"M0664","LgK2","p4.4"
"M0666","LgK2","p4.6"
"M0666","LgK2","p4.4"
"M0667","LgK2","p4.6"
"M0667","LgK2","p4.4"
"M0668","LgK2","p4.6"
"M0668","LgK2","p4.4"
"M0669","LgK2","p4.6"
"M0669","LgK2","p4.4"
"M0674","LgK2","p4.6"
"M0674","LgK2","p4.4"
"M0675","LgK2","p4.6"
"M0675","LgK2","p4.4"
"M0676","SBK1","p5.0"
"M0676","SBK1","p4.8"
"M0676","LgK2","p4.6"
"M0676","LgK2","p4.4"
"M0676","ENE0","p4.4"
"M0676","ENE0","p4.2"
"M0676","TRB1","p3.8"
"M0676","TRB2","p3.6"
"M0676","TRB2","p3.4"
"M0678","TRB1","p3.8"
"M0679","LgK1","p4.8"
"M0679","LgK1","p4.6"
"M0679","LgK2","p4.6"
"M0679","LgK2","p4.4"
"M0679","ENE0","p4.4"
"M0679","ENE0","p4.2"
"M0680","LgK1","p4.8"
"M0680","LgK1","p4.6"
"M0681","TRB2","p3.6"
"M0681","TRB2","p3.4"
"M0682","ENE0","p4.4"
"M0682","ENE0","p4.2"
"M0684","LgK1","p4.8"
"M0684","LgK1","p4.6"
"M0685","LgK2","p4.6"
"M0685","LgK2","p4.4"
"M0687","TRB1","p3.8"
"M0688","LgK2","p4.6"
"M0688","LgK2","p4.4"
"M0689","LgK2","p4.6"
"M0689","LgK2","p4.4"
"M0690","LgK2","p4.6"
"M0690","LgK2","p4.4"
"M0694","LgK2","p4.6"
"M0694","LgK2","p4.4"
"M0695","LgK2","p4.6"
"M0695","LgK2","p4.4"
"M0696","LgK2","p4.6"
"M0696","LgK2","p4.4"
"M0696","TRB1","p3.8"
"M0696","TRB2","p3.6"
"M0696","TRB2","p3.4"
"M0698","SBK1","p5.0"
"M0698","SBK1","p4.8"
"M0699","LgK1","p4.8"
"M0699","LgK1","p4.6"
"M0700","LgK2","p4.6"
"M0700","LgK2","p4.4"
"M0700","ENE0","p4.4"
"M0700","ENE0","p4.2"
"M0700","TRB2","p3.6"
"M0700","TRB2","p3.4"
"M0701","SBK2","p4.8"
"M0701","LgK1","p4.8"
"M0701","LgK1","p4.6"
"M0701","LgK2","p4.6"
"M0701","LgK2","p4.4"
"M0701","ENE0","p4.4"
"M0701","ENE0","p4.2"
"M0702","ENE0","p4.4"
"M0702","ENE0","p4.2"
"M0702","TRB1","p3.8"
"M0703","TRB2","p3.6"
"M0703","TRB2","p3.4"
"M0704","LgK2","p4.6"
"M0704","LgK2","p4.4"
"M0705","LgK2","p4.6"
"M0705","LgK2","p4.4"
"M0707","LgK2","p4.6"
"M0707","LgK2","p4.4"
"M0708","LgK2","p4.6"
"M0708","LgK2","p4.4"
"M0709","ENE0","p4.4"
"M0709","ENE0","p4.2"
"M0712","LgK2","p4.6"
"M0712","LgK2","p4.4"
"M0712","ENE0","p4.4"
"M0712","ENE0","p4.2"
"M0713","LgK2","p4.6"
"M0713","LgK2","p4.4"
"M0725","LgK1","p4.8"
"M0725","LgK1","p4.6"
"M0725","LgK2","p4.6"
"M0725","LgK2","p4.4"
"M0726","TRB1","p3.8"
"M0727","LgK2","p4.6"
"M0727","LgK2","p4.4"
"M0728","LgK2","p4.6"
"M0728","LgK2","p4.4"
"M0729","TRB1","p3.8"
"M0730","LgK2","p4.6"
"M0730","LgK2","p4.4"
"M0734","LgK1","p4.8"
"M0734","LgK1","p4.6"
"M0734","LgK2","p4.6"
"M0734","LgK2","p4.4"
"M0735","LgK2","p4.6"
"M0735","LgK2","p4.4"
"M0736","SBK1","p5.0"
"M0736","SBK1","p4.8"
"M0736","LgK1","p4.8"
"M0736","LgK1","p4.6"
"M0738","SBK1","p5.0"
"M0738","SBK1","p4.8"
"M0738","LgK1","p4.8"
"M0738","LgK1","p4.6"
"M0738","LgK2","p4.6"
"M0738","LgK2","p4.4"
"M0738","TRB1","p3.8"
"M0740","TRB2","p3.6"
"M0740","TRB2","p3.4"
"M0741","LgK2","p4.6"
"M0741","LgK2","p4.4"
"M0744","LgK2","p4.6"
"M0744","LgK2","p4.4"
"M0746","LgK2","p4.6"
"M0746","LgK2","p4.4"
"M0748","LgK2","p4.6"
"M0748","LgK2","p4.4"
"M0749","LgK2","p4.6"
"M0749","LgK2","p4.4"
"M0750","TRB1","p3.8"
"M0751","ENE0","p4.4"
"M0751","ENE0","p4.2"
"M0757","LgK2","p4.6"
"M0757","LgK2","p4.4"
"M0758","ENE0","p4.4"
"M0758","ENE0","p4.2"
"M0760","LgK2","p4.6"
"M0760","LgK2","p4.4"
"M0761","LgK2","p4.6"
"M0761","LgK2","p4.4"
"M0763","LgK2","p4.6"
"M0763","LgK2","p4.4"
"M0765","LgK2","p4.6"
"M0765","LgK2","p4.4"
"M0767","LgK1","p4.8"
"M0767","LgK1","p4.6"
"M0769","LgK1","p4.8"
"M0769","LgK1","p4.6"
"M0772","LgK2","p4.6"
"M0772","LgK2","p4.4"
"M0775","LgK2","p4.6"
"M0775","LgK2","p4.4"
"M0780","LgK1","p4.8"
"M0780","LgK1","p4.6"
"M0780","LgK2","p4.6"
"M0780","LgK2","p4.4"
"M0780","ENE0","p4.4"
"M0780","ENE0","p4.2"
"M0781","LgK2","p4.6"
"M0781","LgK2","p4.4"
"M0782","LgK2","p4.6"
"M0782","LgK2","p4.4"
"M0783","LgK2","p4.6"
"M0783","LgK2","p4.4"
"M0784","LgK2","p4.6"
"M0784","LgK2","p4.4"
"M0785","LgK1","p4.8"
"M0785","LgK1","p4.6"
"M0787","SBK1","p5.0"
"M0787","SBK1","p4.8"
"M0789","SBK1","p5.0"
"M0789","SBK1","p4.8"
"M0789","LgK1","p4.8"
"M0789","LgK1","p4.6"
"M0789","LgK2","p4.6"
"M0789","LgK2","p4.4"
"M0789","ENE0","p4.4"
"M0789","ENE0","p4.2"
"M0790","SBK1","p5.0"
"M0790","SBK1","p4.8"
"M0790","LgK2","p4.6"
"M0790","LgK2","p4.4"
"M0790","ENE0","p4.4"
"M0790","ENE0","p4.2"
"M0790","TRB1","p3.8"
"M0790","TRB2","p3.6"
"M0790","TRB2","p3.4"
"M0791","LgK1","p4.8"
"M0791","LgK1","p4.6"
"M0792","ENE0","p4.4"
"M0792","ENE0","p4.2"
"M0793","LgK2","p4.6"
"M0793","LgK2","p4.4"
"M0794","LgK2","p4.6"
"M0794","LgK2","p4.4"
"M0794","TRB2","p3.6"
"M0794","TRB2","p3.4"
"M0795","LgK2","p4.6"
"M0795","LgK2","p4.4"
"M0796","LgK2","p4.6"
"M0796","LgK2","p4.4"
"M0797","LgK2","p4.6"
"M0797","LgK2","p4.4"
"M0798","LgK2","p4.6"
"M0798","LgK2","p4.4"
"M0798","ENE0","p4.4"
"M0798","ENE0","p4.2"
"M0798","TRB1","p3.8"
"M0798","TRB2","p3.6"
"M0798","TRB2","p3.4"
"M0799","LgK2","p4.6"
"M0799","LgK2","p4.4"
"M0799","ENE0","p4.4"
"M0799","ENE0","p4.2"
"M0800","LgK2","p4.6"
"M0800","LgK2","p4.4"
"M0801","LgK2","p4.6"
"M0801","LgK2","p4.4"
"M0803","LgK2","p4.6"
"M0803","LgK2","p4.4"
"M0804","LgK2","p4.6"
"M0804","LgK2","p4.4"
"M0805","SBK1","p5.0"
"M0805","SBK1","p4.8"
"M0806","LgK1","p4.8"
"M0806","LgK1","p4.6"
"M0806","LgK2","p4.6"
"M0806","LgK2","p4.4"
"M0807","SBK1","p5.0"
"M0807","SBK1","p4.8"
"M0807","LgK1","p4.8"
"M0807","LgK1","p4.6"
"M0808","LgK2","p4.6"
"M0808","LgK2","p4.4"
"M0809","LgK2","p4.6"
"M0809","LgK2","p4.4"
"M0810","LgK1","p4.8"
"M0810","LgK1","p4.6"
"M0812","SBK1","p5.0"
"M0812","SBK1","p4.8"
"M0812","TRB2","p3.6"
"M0812","TRB2","p3.4"
"M0813","LgK2","p4.6"
"M0813","LgK2","p4.4"
"M0814","ENE0","p4.4"
"M0814","ENE0","p4.2"
"M0815","SBK1","p5.0"
"M0815","SBK1","p4.8"
"M0816","LgK2","p4.6"
"M0816","LgK2","p4.4"
"M0817","LgK2","p4.6"
"M0817","LgK2","p4.4"
"M0818","LgK1","p4.8"
"M0818","LgK1","p4.6"
"M0824","LgK1","p4.8"
"M0824","LgK1","p4.6"
"M0826","LgK2","p4.6"
"M0826","LgK2","p4.4"
"M0830","ENE0","p4.4"
"M0830","ENE0","p4.2"
"M0830","TRB2","p3.6"
"M0830","TRB2","p3.4"
"M0831","LgK2","p4.6"
"M0831","LgK2","p4.4"
"M0831","TRB2","p3.6"
"M0831","TRB2","p3.4"
"M0832","TRB2","p3.6"
"M0832","TRB2","p3.4"
"M0833","LgK2","p4.6"
"M0833","LgK2","p4.4"
"M0833","TRB2","p3.6"
"M0833","TRB2","p3.4"
"M0835","LgK2","p4.6"
"M0835","LgK2","p4.4"
"M0836","LgK2","p4.6"
"M0836","LgK2","p4.4"
"M0836","TRB2","p3.6"
"M0836","TRB2","p3.4"
"M0837","LgK2","p4.6"
"M0837","LgK2","p4.4"
"M0840","LgK1","p4.8"
"M0840","LgK1","p4.6"
"M0841","LgK1","p4.8"
"M0841","LgK1","p4.6"
"M0844","LgK1","p4.8"
"M0844","LgK1","p4.6"
"M0845","LgK1","p4.8"
"M0845","LgK1","p4.6"
"M0846","SBK1","p5.0"
"M0846","SBK1","p4.8"
"M0847","LgK1","p4.8"
"M0847","LgK1","p4.6"
"M0847","LgK2","p4.6"
"M0847","LgK2","p4.4"
"M0848","LgK2","p4.6"
"M0848","LgK2","p4.4"
"M0849","LgK1","p4.8"
"M0849","LgK1","p4.6"
"M0849","TRB1","p3.8"
"M0851","SBK1","p5.0"
"M0851","SBK1","p4.8"
"M0855","LgK2","p4.6"
"M0855","LgK2","p4.4"
"M0856","LgK1","p4.8"
"M0856","LgK1","p4.6"
"M0857","LgK2","p4.6"
"M0857","LgK2","p4.4"
"M0862","LgK2","p4.6"
"M0862","LgK2","p4.4"
"M0864","LgK2","p4.6"
"M0864","LgK2","p4.4"
"M0865","LgK2","p4.6"
"M0865","LgK2","p4.4"
"M0866","ENE0","p4.4"
"M0866","ENE0","p4.2"
"M0866","TRB1","p3.8"
"M0867","TRB1","p3.8"
"M0868","LgK2","p4.6"
"M0868","LgK2","p4.4"
"M0868","ENE0","p4.4"
"M0868","ENE0","p4.2"
"M0869","LgK2","p4.6"
"M0869","LgK2","p4.4"
"M0869","TRB1","p3.8"
"M0869","TRB2","p3.6"
"M0869","TRB2","p3.4"
"M0870","LgK1","p4.8"
"M0870","LgK1","p4.6"
"M0871","TRB1","p3.8"
"M0872","LgK2","p4.6"
"M0872","LgK2","p4.4"
"M0873","LgK1","p4.8"
"M0873","LgK1","p4.6"
"M0874","TRB1","p3.8"
"M0876","LgK2","p4.6"
"M0876","LgK2","p4.4"
"M0879","LgK2","p4.6"
"M0879","LgK2","p4.4"
"M0880","LgK2","p4.6"
"M0880","LgK2","p4.4"
"M0881","LgK2","p4.6"
"M0881","LgK2","p4.4"
"M0882","LgK2","p4.6"
"M0882","LgK2","p4.4"
"M0883","TRB2","p3.6"
"M0883","TRB2","p3.4"
"M0884","LgK2","p4.6"
"M0884","LgK2","p4.4"
"M0885","LgK2","p4.6"
"M0885","LgK2","p4.4"
"M0886","TRB1","p3.8"
"M0887","LgK2","p4.6"
"M0887","LgK2","p4.4"
"M0888","LgK2","p4.6"
"M0888","LgK2","p4.4"
"M0889","LgK2","p4.6"
"M0889","LgK2","p4.4"
"M0890","TRB1","p3.8"
"M0890","TRB2","p3.6"
"M0890","TRB2","p3.4"
"M0891","SBK1","p5.0"
"M0891","SBK1","p4.8"
"M0891","SBK2","p4.8"
"M0891","LgK2","p4.6"
"M0891","LgK2","p4.4"
"M0891","TRB2","p3.6"
"M0891","TRB2","p3.4"
"M0892","LgK2","p4.6"
"M0892","LgK2","p4.4"
"M0892","TRB1","p3.8"
"M0892","TRB2","p3.6"
"M0892","TRB2","p3.4"
"M0894","ENE0","p4.4"
"M0894","ENE0","p4.2"
"M0895","LgK1","p4.8"
"M0895","LgK1","p4.6"
"M0896","LgK2","p4.6"
"M0896","LgK2","p4.4"
"M0900","LgK2","p4.6"
"M0900","LgK2","p4.4"
"M0901","LgK2","p4.6"
"M0901","LgK2","p4.4"
"M0902","LgK2","p4.6"
"M0902","LgK2","p4.4"
"M0903","LgK2","p4.6"
"M0903","LgK2","p4.4"
"M0904","LgK2","p4.6"
"M0904","LgK2","p4.4"
"M0904","ENE0","p4.4"
"M0904","ENE0","p4.2"
"M0905","SBK1","p5.0"
"M0905","LgK2","p4.6"
"M0905","LgK2","p4.4"
"M0906","SBK1","p4.8"
"M0906","LgK1","p4.8"
"M0906","LgK1","p4.6"
"M0907","TRB1","p3.8"
"M0908","LgK2","p4.6"
"M0908","LgK2","p4.4"
"M0909","LgK2","p4.6"
"M0909","LgK2","p4.4"
"M0912","LgK2","p4.6"
"M0912","LgK2","p4.4"
"M0914","LgK1","p4.8"
"M0914","LgK1","p4.6"
"M0914","LgK2","p4.6"
"M0914","LgK2","p4.4"
"M0915","LgK1","p4.8"
"M0915","LgK1","p4.6"
"M0916","LgK2","p4.6"
"M0916","LgK2","p4.4"
"M0916","TRB2","p3.6"
"M0916","TRB2","p3.4"
"M0917","LgK2","p4.6"
"M0917","LgK2","p4.4"
"M0917","ENE0","p4.4"
"M0917","ENE0","p4.2"
"M0918","LgK1","p4.8"
"M0918","LgK1","p4.6"
"M0919","LgK1","p4.8"
"M0919","LgK1","p4.6"
"M0921","LgK1","p4.8"
"M0921","LgK1","p4.6"
"M0921","LgK2","p4.6"
"M0921","LgK2","p4.4"
"M0923","LgK2","p4.6"
"M0923","LgK2","p4.4"
"M0924","LgK2","p4.6"
"M0924","LgK2","p4.4"
"M0925","SBK1","p5.0"
"M0925","SBK1","p4.8"
"M0925","LgK2","p4.6"
"M0925","LgK2","p4.4"
"M0932","LgK2","p4.6"
"M0932","LgK2","p4.4"
"M0933","LgK2","p4.6"
"M0933","LgK2","p4.4"
"M0934","SBK1","p5.0"
"M0934","SBK1","p4.8"
"M0934","LgK1","p4.8"
"M0934","LgK1","p4.6"
"M0934","LgK2","p4.6"
"M0934","LgK2","p4.4"
"M0935","LgK2","p4.6"
"M0935","LgK2","p4.4"
"M0936","LgK2","p4.6"
"M0936","LgK2","p4.4"
"M0937","LgK1","p4.8"
"M0937","LgK1","p4.6"
"M0939","LgK2","p4.6"
"M0939","LgK2","p4.4"
"M0939","ENE0","p4.4"
"M0939","ENE0","p4.2"
"M0940","LgK2","p4.6"
"M0940","LgK2","p4.4"
"M0944","SBK1","p5.0"
"M0944","SBK1","p4.8"
"M0944","LgK2","p4.6"
"M0944","LgK2","p4.4"
"M0945","LgK2","p4.6"
"M0945","LgK2","p4.4"
"M0946","LgK2","p4.6"
"M0946","LgK2","p4.4"
"M0949","LgK2","p4.6"
"M0949","LgK2","p4.4"
"M0951","LgK2","p4.6"
"M0951","LgK2","p4.4"
"M0956","ENE0","p4.4"
"M0956","ENE0","p4.2"
"M0957","LgK1","p4.8"
"M0957","LgK1","p4.6"
"M0958","LgK1","p4.8"
"M0958","LgK1","p4.6"
"M0959","LgK2","p4.6"
"M0959","LgK2","p4.4"
"M0962","LgK2","p4.6"
"M0962","LgK2","p4.4"
"M0965","LgK2","p4.6"
"M0965","LgK2","p4.4"
"M0965","TRB2","p3.6"
"M0965","TRB2","p3.4"
"M0966","LgK2","p4.6"
"M0966","LgK2","p4.4"
"M0970","LgK2","p4.6"
"M0970","LgK2","p4.4"
"M0970","TRB2","p3.6"
"M0970","TRB2","p3.4"
"M0972","LgK2","p4.6"
"M0972","LgK2","p4.4"
"M0973","TRB1","p3.8"
"M0974","TRB1","p3.8"
"M0975","LgK2","p4.6"
"M0975","LgK2","p4.4"
"M0975","ENE0","p4.4"
"M0975","ENE0","p4.2"
"M0975","TRB1","p3.8"
"M0976","LgK2","p4.6"
"M0976","LgK2","p4.4"
"M0977","LgK2","p4.6"
"M0977","LgK2","p4.4"
"M0978","LgK2","p4.6"
"M0978","LgK2","p4.4"
"M0978","ENE0","p4.4"
"M0978","ENE0","p4.2"
"M0978","TRB1","p3.8"
"M0978","TRB2","p3.6"
"M0978","TRB2","p3.4"
"M0979","LgK2","p4.6"
"M0979","LgK2","p4.4"
"M0980","LgK2","p4.6"
"M0980","LgK2","p4.4"
"M0981","LgK2","p4.6"
"M0981","LgK2","p4.4"
"M0982","LgK2","p4.6"
"M0982","LgK2","p4.4"
"M0985","LgK1","p4.8"
"M0985","LgK1","p4.6"
"M0987","LgK2","p4.6"
"M0987","LgK2","p4.4"
"M0988","LgK1","p4.8"
"M0988","LgK1","p4.6"
"M0989","LgK2","p4.6"
"M0989","LgK2","p4.4"
"M0990","LgK1","p4.8"
"M0990","LgK1","p4.6"
"M0991","SBK1","p5.0"
"M0991","SBK1","p4.8"
"M0991","LgK1","p4.8"
"M0991","LgK1","p4.6"
"M0993","SBK1","p5.0"
"M0993","SBK1","p4.8"
"M0994","SBK1","p5.0"
"M0994","SBK1","p4.8"
"M0996","LgK1","p4.8"
"M0996","LgK1","p4.6"
"M0997","LgK1","p4.8"
"M0997","LgK1","p4.6"
"M0998","LgK1","p4.8"
"M0998","LgK1","p4.6"
"M1000","LgK2","p4.6"
"M1000","LgK2","p4.4"
"M1000","ENE0","p4.4"
"M1000","ENE0","p4.2"
"M1000","TRB1","p3.8"
"M1001","LgK2","p4.6"
"M1001","LgK2","p4.4"
"M1001","TRB2","p3.6"
"M1001","TRB2","p3.4"
"M1002","LgK2","p4.6"
"M1002","LgK2","p4.4"
"M1003","LgK2","p4.6"
"M1003","LgK2","p4.4"
"M1004","LgK2","p4.6"
"M1004","LgK2","p4.4"
"M1005","LgK2","p4.6"
"M1005","LgK2","p4.4"
"M1006","TRB1","p3.8"
"M1007","LgK2","p4.6"
"M1007","LgK2","p4.4"
"M1008","LgK2","p4.6"
"M1008","LgK2","p4.4"
"M1011","LgK1","p4.8"
"M1011","LgK1","p4.6"
"M1011","LgK2","p4.6"
"M1011","LgK2","p4.4"
"M1012","TRB1","p3.8"
"M1013","LgK1","p4.8"
"M1013","LgK1","p4.6"
"M1014","SBK1","p5.0"
"M1014","SBK1","p4.8"
"M1014","LgK1","p4.8"
"M1014","LgK1","p4.6"
"M1015","LgK1","p4.8"
"M1015","LgK1","p4.6"
"M1016","LgK2","p4.6"
"M1016","LgK2","p4.4"
"M1017","ENE0","p4.4"
"M1017","ENE0","p4.2"
"M1018","LgK2","p4.6"
"M1018","LgK2","p4.4"
"M1021","LgK2","p4.6"
"M1021","LgK2","p4.4"
"M1022","LgK2","p4.6"
"M1022","LgK2","p4.4"
"M1024","ENE0","p4.4"
"M1024","ENE0","p4.2"
"M1026","LgK2","p4.6"
"M1026","LgK2","p4.4"
"M1026","TRB2","p3.6"
"M1026","TRB2","p3.4"
"M1027","TRB2","p3.6"
"M1027","TRB2","p3.4"
"M1030","TRB2","p3.6"
"M1030","TRB2","p3.4"
"M1031","LgK2","p4.6"
"M1031","LgK2","p4.4"
"M1032","LgK2","p4.6"
"M1032","LgK2","p4.4"
"M1033","SBK1","p5.0"
"M1033","SBK1","p4.8"
"M1033","LgK1","p4.8"
"M1033","LgK1","p4.6"
"M1033","ENE0","p4.4"
"M1033","ENE0","p4.2"
"M1033","TRB2","p3.6"
"M1033","TRB2","p3.4"
"M1036","SBK1","p5.0"
"M1036","SBK1","p4.8"
"M1037","LgK1","p4.8"
"M1037","LgK1","p4.6"
"M1038","TRB1","p3.8"
"M1039","ENE0","p4.4"
"M1039","ENE0","p4.2"
"M1041","LgK2","p4.6"
"M1041","LgK2","p4.4"
"M1041","TRB1","p3.8"
"M1043","TRB1","p3.8"
"M1043","TRB2","p3.6"
"M1043","TRB2","p3.4"
"M1044","ENE0","p4.4"
"M1044","ENE0","p4.2"
"M1047","LgK1","p4.8"
"M1047","LgK1","p4.6"
"M1047","LgK2","p4.6"
"M1047","LgK2","p4.4"
"M1049","LgK2","p4.6"
"M1049","LgK2","p4.4"
"M1051","LgK2","p4.6"
"M1051","LgK2","p4.4"
"M1052","LgK2","p4.6"
"M1052","LgK2","p4.4"
"M1053","LgK2","p4.6"
"M1053","LgK2","p4.4"
"M1056","LgK2","p4.6"
"M1056","LgK2","p4.4"
"M1057","SBK1","p5.0"
"M1057","SBK1","p4.8"
"M1057","LgK1","p4.8"
"M1057","LgK1","p4.6"
"M1057","ENE0","p4.4"
"M1057","ENE0","p4.2"
"M1064","ENE0","p4.4"
"M1064","ENE0","p4.2"
"M1065","LgK1","p4.8"
"M1065","LgK1","p4.6"
"M1066","LgK2","p4.6"
"M1066","LgK2","p4.4"
"M1067","ENE0","p4.4"
"M1067","ENE0","p4.2"
"M1068","LgK2","p4.6"
"M1068","LgK2","p4.4"
"M1069","LgK2","p4.6"
"M1069","LgK2","p4.4"
"M1069","ENE0","p4.4"
"M1069","ENE0","p4.2"
"M1070","TRB1","p3.8"
"M1072","LgK2","p4.6"
"M1072","LgK2","p4.4"
"M1080","TRB1","p3.8"
"M1081","LgK2","p4.6"
"M1081","LgK2","p4.4"
"M1081","TRB1","p3.8"
"M1081","TRB2","p3.6"
"M1081","TRB2","p3.4"
"M1082","TRB1","p3.8"
"M1082","TRB2","p3.6"
"M1082","TRB2","p3.4"
"M1084","LgK2","p4.6"
"M1084","LgK2","p4.4"
"M1084","ENE0","p4.4"
"M1084","ENE0","p4.2"
"M1085","LgK1","p4.8"
"M1085","LgK1","p4.6"
"M1085","LgK2","p4.6"
"M1085","LgK2","p4.4"
"M1085","ENE0","p4.4"
"M1085","ENE0","p4.2"
"M1086","LgK2","p4.6"
"M1086","LgK2","p4.4"
"M1087","SBK1","p5.0"
"M1087","SBK1","p4.8"
"M1088","LgK2","p4.6"
"M1088","LgK2","p4.4"
"M1089","LgK2","p4.6"
"M1089","LgK2","p4.4"
"M1090","LgK2","p4.6"
"M1090","LgK2","p4.4"
"M1091","LgK2","p4.6"
"M1091","LgK2","p4.4"
"M1092","LgK1","p4.8"
"M1092","LgK1","p4.6"
"M1092","LgK2","p4.6"
"M1092","LgK2","p4.4"
"M1094","LgK1","p4.8"
"M1094","LgK1","p4.6"
"M1096","ENE0","p4.4"
"M1096","ENE0","p4.2"
"M1097","LgK2","p4.6"
"M1097","LgK2","p4.4"
"M1099","LgK1","p4.8"
"M1099","LgK1","p4.6"
"M1099","LgK2","p4.6"
"M1099","LgK2","p4.4"
"M1102","LgK2","p4.6"
"M1102","LgK2","p4.4"
"M1104","LgK2","p4.6"
"M1104","LgK2","p4.4"
"M1104","TRB2","p3.6"
"M1104","TRB2","p3.4"
"M1105","LgK2","p4.6"
"M1105","LgK2","p4.4"
"M1106","LgK2","p4.6"
"M1106","LgK2","p4.4"
"M1107","TRB2","p3.6"
"M1107","TRB2","p3.4"
"M1108","TRB1","p3.8"
"M1108","TRB2","p3.6"
"M1108","TRB2","p3.4"
"M1109","LgK2","p4.6"
"M1109","LgK2","p4.4"
"M1115","LgK1","p4.8"
"M1115","LgK1","p4.6"
"M1116","TRB1","p3.8"
"M1117","LgK2","p4.6"
"M1117","LgK2","p4.4"
"M1118","LgK2","p4.6"
"M1118","LgK2","p4.4"
"M1119","LgK2","p4.6"
"M1119","LgK2","p4.4"
"M1120","LgK2","p4.6"
"M1120","LgK2","p4.4"
"M1123","LgK2","p4.6"
"M1123","LgK2","p4.4"
"M1124","TRB1","p3.8"
"M1124","TRB2","p3.6"
"M1124","TRB2","p3.4"
"M1125","LgK2","p4.6"
"M1125","LgK2","p4.4"
"M1126","LgK2","p4.6"
"M1126","LgK2","p4.4"
"M1127","LgK2","p4.6"
"M1127","LgK2","p4.4"
"M1128","LgK2","p4.6"
"M1128","LgK2","p4.4"
"M1130","LgK2","p4.6"
"M1130","LgK2","p4.4"
"M1132","LgK1","p4.8"
"M1132","LgK1","p4.6"
"M1132","LgK2","p4.6"
"M1132","LgK2","p4.4"
"M1133","LgK1","p4.8"
"M1133","LgK1","p4.6"
"M1135","LgK2","p4.6"
"M1135","LgK2","p4.4"
"M1136","ENE0","p4.4"
"M1136","ENE0","p4.2"
"M1138","LgK2","p4.6"
"M1138","LgK2","p4.4"
"M1140","LgK1","p4.8"
"M1140","LgK1","p4.6"
"M1141","ENE0","p4.4"
"M1141","ENE0","p4.2"
"M1142","LgK1","p4.8"
"M1142","LgK1","p4.6"
"M1143","LgK2","p4.6"
"M1143","LgK2","p4.4"
"M1144","LgK1","p4.8"
"M1144","LgK1","p4.6"
"M1146","TRB2","p3.6"
"M1146","TRB2","p3.4"
"M1147","LgK2","p4.6"
"M1147","LgK2","p4.4"
"M1149","TRB1","p3.8"
"M1150","LgK2","p4.6"
"M1150","LgK2","p4.4"
"M1151","LgK2","p4.6"
"M1151","LgK2","p4.4"
"M1153","ENE0","p4.4"
"M1153","ENE0","p4.2"
"M1153","TRB2","p3.6"
"M1153","TRB2","p3.4"
"M1154","TRB2","p3.6"
"M1154","TRB2","p3.4"
"M1156","LgK1","p4.8"
"M1156","LgK1","p4.6"
"M1157","LgK2","p4.6"
"M1157","LgK2","p4.4"
"M1158","SBK1","p5.0"
"M1158","SBK1","p4.8"
"M1159","LgK1","p4.8"
"M1159","LgK1","p4.6"
"M1160","LgK2","p4.6"
"M1160","LgK2","p4.4"
"M1161","LgK2","p4.6"
"M1161","LgK2","p4.4"
"M1162","ENE0","p4.4"
"M1162","ENE0","p4.2"
"M1162","TRB1","p3.8"
"M1164","LgK1","p4.8"
"M1164","LgK1","p4.6"
"M1165","LgK1","p4.8"
"M1165","LgK1","p4.6"
"M1168","ENE0","p4.4"
"M1168","ENE0","p4.2"
"M1169","SBK1","p5.0"
"M1169","SBK1","p4.8"
"M1170","SBK1","p5.0"
"M1170","SBK1","p4.8"
"M1172","LgK2","p4.6"
"M1172","LgK2","p4.4"
"M1173","LgK1","p4.8"
"M1173","LgK1","p4.6"
"M1174","LgK1","p4.8"
"M1174","LgK1","p4.6"
"M1176","SBK1","p5.0"
"M1176","SBK1","p4.8"
"M1177","LgK2","p4.6"
"M1177","LgK2","p4.4"
"M1178","TRB1","p3.8"
"M1180","LgK2","p4.6"
"M1180","LgK2","p4.4"
"M1181","LgK2","p4.6"
"M1181","LgK2","p4.4"
"M1181","TRB2","p3.6"
"M1181","TRB2","p3.4"
"M1182","LgK2","p4.6"
"M1182","LgK2","p4.4"
"M1183","ENE0","p4.4"
"M1183","ENE0","p4.2"
"M1183","TRB1","p3.8"
"M1184","LgK2","p4.6"
"M1184","LgK2","p4.4"
"M1185","LgK2","p4.6"
"M1185","LgK2","p4.4"
"M1186","LgK2","p4.6"
"M1186","LgK2","p4.4"
"M1187","LgK2","p4.6"
"M1187","LgK2","p4.4"
"M1187","ENE0","p4.4"
"M1187","ENE0","p4.2"
"M1187","TRB1","p3.8"
"M1187","TRB2","p3.6"
"M1187","TRB2","p3.4"
"M1189","ENE0","p4.4"
"M1189","ENE0","p4.2"
"M1191","LgK2","p4.6"
"M1191","LgK2","p4.4"
"M1194","LgK2","p4.6"
"M1194","LgK2","p4.4"
"M1194","ENE0","p4.4"
"M1194","ENE0","p4.2"
"M1195","LgK2","p4.6"
"M1195","LgK2","p4.4"
"M1197","LgK2","p4.6"
"M1197","LgK2","p4.4"
"M1198","TRB2","p3.6"
"M1198","TRB2","p3.4"
"M1199","TRB1","p3.8"
"M1200","TRB2","p3.6"
"M1200","TRB2","p3.4"
"M1202","TRB2","p3.6"
"M1202","TRB2","p3.4"
"M1203","LgK2","p4.6"
"M1203","LgK2","p4.4"
"M1203","TRB2","p3.6"
"M1203","TRB2","p3.4"
"M1206","LgK2","p4.6"
"M1206","LgK2","p4.4"
"M1210","LgK1","p4.8"
"M1210","LgK1","p4.6"
"M1214","LgK2","p4.6"
"M1214","LgK2","p4.4"
"M1215","LgK1","p4.8"
"M1215","LgK1","p4.6"
"M1216","LgK1","p4.8"
"M1216","LgK1","p4.6"
"M1217","SBK1","p5.0"
"M1217","SBK1","p4.8"
"M1220","LgK1","p4.8"
"M1220","LgK1","p4.6"
"M1222","LgK2","p4.6"
"M1222","LgK2","p4.4"
"M1222","TRB2","p3.6"
"M1222","TRB2","p3.4"
"M1226","TRB1","p3.8"
"M1227","TRB2","p3.6"
"M1227","TRB2","p3.4"
"M1228","TRB2","p3.6"
"M1228","TRB2","p3.4"
"M1229","TRB2","p3.6"
"M1229","TRB2","p3.4"
"M1230","LgK2","p4.6"
"M1230","LgK2","p4.4"
"M1231","LgK2","p4.6"
"M1231","LgK2","p4.4"
"M1232","LgK2","p4.6"
"M1232","LgK2","p4.4"
"M1233","LgK2","p4.6"
"M1233","LgK2","p4.4"
"M1234","LgK2","p4.6"
"M1234","LgK2","p4.4"
"M1234","ENE0","p4.4"
"M1234","ENE0","p4.2"
"M1234","TRB1","p3.8"
"M1234","TRB2","p3.6"
"M1234","TRB2","p3.4"
"M1235","LgK2","p4.6"
"M1235","LgK2","p4.4"
"M1236","LgK2","p4.6"
"M1236","LgK2","p4.4"
"M1237","TRB2","p3.6"
"M1237","TRB2","p3.4"
"M1238","LgK2","p4.6"
"M1238","LgK2","p4.4"
"M1240","LgK2","p4.6"
"M1240","LgK2","p4.4"
"M1241","LgK2","p4.6"
"M1241","LgK2","p4.4"
"M1243","ENE0","p4.4"
"M1243","ENE0","p4.2"
"M1244","ENE0","p4.4"
"M1244","ENE0","p4.2"
"M1245","SBK1","p5.0"
"M1245","SBK1","p4.8"
"M1245","SBK2","p4.8"
"M1246","LgK2","p4.6"
"M1246","LgK2","p4.4"
"M1246","TRB2","p3.6"
"M1246","TRB2","p3.4"
"M1247","LgK2","p4.6"
"M1247","LgK2","p4.4"
"M1248","LgK2","p4.6"
"M1248","LgK2","p4.4"
"M1251","LgK2","p4.6"
"M1251","LgK2","p4.4"
"M1252","LgK2","p4.6"
"M1252","LgK2","p4.4"
"M1255","LgK2","p4.6"
"M1255","LgK2","p4.4"
"M1256","LgK2","p4.6"
"M1256","LgK2","p4.4"
"M1256","ENE0","p4.4"
"M1256","ENE0","p4.2"
"M1259","LgK2","p4.6"
"M1259","LgK2","p4.4"
"M1260","ENE0","p4.4"
"M1260","ENE0","p4.2"
"M1261","LgK2","p4.6"
"M1261","LgK2","p4.4"
"M1262","LgK2","p4.6"
"M1262","LgK2","p4.4"
"M1264","LgK1","p4.8"
"M1264","LgK1","p4.6"
"M1268","LgK2","p4.6"
"M1268","LgK2","p4.4"
"M1270","LgK1","p4.8"
"M1270","LgK1","p4.6"
"M1271","ENE0","p4.4"
"M1271","ENE0","p4.2"
"M1272","TRB2","p3.6"
"M1272","TRB2","p3.4"
"M1273","LgK2","p4.6"
"M1273","LgK2","p4.4"
"M1276","LgK2","p4.6"
"M1276","LgK2","p4.4"
"M1276","ENE0","p4.4"
"M1276","ENE0","p4.2"
"M1276","TRB2","p3.6"
"M1276","TRB2","p3.4"
"M1277","LgK2","p4.6"
"M1277","LgK2","p4.4"
"M1279","LgK1","p4.8"
"M1279","LgK1","p4.6"
"M1281","LgK1","p4.8"
"M1281","LgK1","p4.6"
"M1283","LgK1","p4.8"
"M1283","LgK1","p4.6"
"M1284","LgK1","p4.8"
"M1284","LgK1","p4.6"
"M1285","LgK2","p4.6"
"M1285","LgK2","p4.4"
"M1285","ENE0","p4.4"
"M1285","ENE0","p4.2"
"M1286","LgK1","p4.8"
"M1286","LgK1","p4.6"
"M1286","LgK2","p4.6"
"M1286","LgK2","p4.4"
"M1287","LgK1","p4.8"
"M1287","LgK1","p4.6"
"M1288","LgK1","p4.8"
"M1288","LgK1","p4.6"
"M1288","LgK2","p4.6"
"M1288","LgK2","p4.4"
"M1289","LgK1","p4.8"
"M1289","LgK1","p4.6"
"M1289","LgK2","p4.6"
"M1289","LgK2","p4.4"
"M1290","LgK2","p4.6"
"M1290","LgK2","p4.4"
"M1290","TRB1","p3.8"
"M1290","TRB2","p3.6"
"M1290","TRB2","p3.4"
"M1291","LgK2","p4.6"
"M1291","LgK2","p4.4"
"M1293","LgK2","p4.6"
"M1293","LgK2","p4.4"
"M1294","LgK2","p4.6"
"M1294","LgK2","p4.4"
"M1294","TRB1","p3.8"
"M1294","TRB2","p3.6"
"M1294","TRB2","p3.4"
"M1295","TRB1","p3.8"
"M1296","LgK2","p4.6"
"M1296","LgK2","p4.4"
"M1297","LgK2","p4.6"
"M1297","LgK2","p4.4"
"M1297","TRB2","p3.6"
"M1297","TRB2","p3.4"
"M1302","LgK2","p4.6"
"M1302","LgK2","p4.4"
"M1302","TRB2","p3.6"
"M1302","TRB2","p3.4"
"M1305","LgK2","p4.6"
"M1305","LgK2","p4.4"
"M1306","SBK1","p5.0"
"M1306","SBK1","p4.8"
"M1307","LgK2","p4.6"
"M1307","LgK2","p4.4"
"M1309","TRB1","p3.8"
"M1310","LgK2","p4.6"
"M1310","LgK2","p4.4"
"M1311","LgK2","p4.6"
"M1311","LgK2","p4.4"
"M1312","LgK2","p4.6"
"M1312","LgK2","p4.4"
"M1313","LgK2","p4.6"
"M1313","LgK2","p4.4"
"M1314","LgK2","p4.6"
"M1314","LgK2","p4.4"
"M1315","LgK2","p4.6"
"M1315","LgK2","p4.4"
"M1315","TRB1","p3.8"
"M1315","TRB2","p3.6"
"M1315","TRB2","p3.4"
"M1316","LgK2","p4.6"
"M1316","LgK2","p4.4"
"M1317","LgK2","p4.6"
"M1317","LgK2","p4.4"
"M1318","LgK2","p4.6"
"M1318","LgK2","p4.4"
"M1320","LgK1","p4.8"
"M1320","LgK1","p4.6"
"M1321","LgK1","p4.8"
"M1321","LgK1","p4.6"
"M1322","LgK1","p4.8"
"M1322","LgK1","p4.6"
"M1323","LgK2","p4.6"
"M1323","LgK2","p4.4"
"M1325","LgK2","p4.6"
"M1325","LgK2","p4.4"
"M1326","LgK2","p4.6"
"M1326","LgK2","p4.4"
"M1327","LgK2","p4.6"
"M1327","LgK2","p4.4"
"M1328","LgK1","p4.8"
"M1328","LgK1","p4.6"
"M1328","LgK2","p4.6"
"M1328","LgK2","p4.4"
"M1331","TRB2","p3.6"
"M1331","TRB2","p3.4"
"M1332","ENE0","p4.4"
"M1332","ENE0","p4.2"
"M1333","LgK2","p4.6"
"M1333","LgK2","p4.4"
"M1335","SBK1","p5.0"
"M1335","SBK1","p4.8"
"M1335","LgK1","p4.8"
"M1335","LgK1","p4.6"
"M1337","SBK1","p5.0"
"M1337","SBK1","p4.8"
"M1337","LgK2","p4.6"
"M1337","LgK2","p4.4"
"M1338","ENE0","p4.4"
"M1338","ENE0","p4.2"
"M1342","TRB1","p3.8"
"M1343","ENE0","p4.4"
"M1343","ENE0","p4.2"
"M1345","LgK2","p4.6"
"M1345","LgK2","p4.4"
"M1347","LgK2","p4.6"
"M1347","LgK2","p4.4"
"M1349","LgK2","p4.6"
"M1349","LgK2","p4.4"
"M1351","LgK2","p4.6"
"M1351","LgK2","p4.4"
"M1352","LgK2","p4.6"
"M1352","LgK2","p4.4"
"M1352","TRB2","p3.6"
"M1352","TRB2","p3.4"
"M1355","LgK2","p4.6"
"M1355","LgK2","p4.4"
"M1356","TRB1","p3.8"
"M1357","LgK2","p4.6"
"M1357","LgK2","p4.4"
"M1357","ENE0","p4.4"
"M1357","ENE0","p4.2"
"M1358","LgK1","p4.8"
"M1358","LgK1","p4.6"
"M1360","LgK1","p4.8"
"M1360","LgK1","p4.6"
"M1361","LgK2","p4.6"
"M1361","LgK2","p4.4"
"M1361","ENE0","p4.4"
"M1361","ENE0","p4.2"
"M1362","LgK2","p4.6"
"M1362","LgK2","p4.4"
"M1363","LgK2","p4.6"
"M1363","LgK2","p4.4"
"M1364","LgK2","p4.6"
"M1364","LgK2","p4.4"
"M1365","LgK2","p4.6"
"M1365","LgK2","p4.4"
"M1366","LgK2","p4.6"
"M1366","LgK2","p4.4"
"M1368","LgK2","p4.6"
"M1368","LgK2","p4.4"
"M1370","LgK2","p4.6"
"M1370","LgK2","p4.4"
"M1372","TRB1","p3.8"
"M1373","LgK1","p4.8"
"M1373","LgK1","p4.6"
"M1377","LgK1","p4.8"
"M1377","LgK1","p4.6"
"M1380","LgK2","p4.6"
"M1380","LgK2","p4.4"
"M1381","LgK2","p4.6"
"M1381","LgK2","p4.4"
"M1381","ENE0","p4.4"
"M1381","ENE0","p4.2"
"M1382","LgK2","p4.6"
"M1382","LgK2","p4.4"
"M1382","ENE0","p4.4"
"M1382","ENE0","p4.2"
"M1383","ENE0","p4.4"
"M1383","ENE0","p4.2"
"M1383","TRB1","p3.8"
"M1385","LgK2","p4.6"
"M1385","LgK2","p4.4"
"M1386","LgK2","p4.6"
"M1386","LgK2","p4.4"
"M1387","LgK2","p4.6"
"M1387","LgK2","p4.4"
"M1388","LgK2","p4.6"
"M1388","LgK2","p4.4"
"M1389","LgK2","p4.6"
"M1389","LgK2","p4.4"
"M1391","SBK1","p5.0"
"M1391","SBK1","p4.8"
"M1391","LgK1","p4.8"
"M1391","LgK1","p4.6"
"M1392","LgK2","p4.6"
"M1392","LgK2","p4.4"
"M1394","ENE0","p4.4"
"M1394","ENE0","p4.2"
"M1395","LgK2","p4.6"
"M1395","LgK2","p4.4"
"M1395","ENE0","p4.4"
"M1395","ENE0","p4.2"
"M1395","TRB1","p3.8"
"M1396","LgK2","p4.6"
"M1396","LgK2","p4.4"
"M1397","TRB2","p3.6"
"M1397","TRB2","p3.4"
"M1399","LgK2","p4.6"
"M1399","LgK2","p4.4"
"M1400","LgK1","p4.8"
"M1400","LgK1","p4.6"
"M1400","ENE0","p4.4"
"M1400","ENE0","p4.2"
"M1401","SBK1","p5.0"
"M1401","SBK1","p4.8"
"M1401","LgK1","p4.8"
"M1401","LgK1","p4.6"
"M1402","LgK2","p4.6"
"M1402","LgK2","p4.4"
"M1403","LgK2","p4.6"
"M1403","LgK2","p4.4"
"M1404","LgK2","p4.6"
"M1404","LgK2","p4.4"
"M1405","LgK2","p4.6"
"M1405","LgK2","p4.4"
"M1405","ENE0","p4.4"
"M1405","ENE0","p4.2"
"M1405","TRB1","p3.8"
"M1407","LgK2","p4.6"
"M1407","LgK2","p4.4"
"M1408","LgK2","p4.6"
"M1408","LgK2","p4.4"
"M1409","LgK2","p4.6"
"M1409","LgK2","p4.4"
"M1409","ENE0","p4.4"
"M1409","ENE0","p4.2"
"M1410","SBK1","p5.0"
"M1410","SBK1","p4.8"
"M1410","SBK2","p4.8"
"M1411","SBK1","p5.0"
"M1411","SBK1","p4.8"
"M1412","SBK2","p4.8"
"M1412","LgK2","p4.6"
"M1412","LgK2","p4.4"
"M1413","LgK2","p4.6"
"M1413","LgK2","p4.4"
"M1414","TRB2","p3.6"
"M1414","TRB2","p3.4"
"M1415","ENE0","p4.4"
"M1415","ENE0","p4.2"
"M1416","LgK2","p4.6"
"M1416","LgK2","p4.4"
"M1417","TRB2","p3.6"
"M1417","TRB2","p3.4"
"M1418","TRB2","p3.6"
"M1418","TRB2","p3.4"
"M1419","LgK2","p4.6"
"M1419","LgK2","p4.4"
"M1422","TRB1","p3.8"
"M1423","LgK1","p4.8"
"M1423","LgK1","p4.6"
"M1423","LgK2","p4.6"
"M1423","LgK2","p4.4"
"M1424","LgK2","p4.6"
"M1424","LgK2","p4.4"
"M1426","LgK1","p4.8"
"M1426","LgK1","p4.6"
"M1427","LgK1","p4.8"
"M1427","LgK1","p4.6"
"M1428","LgK1","p4.8"
"M1428","LgK1","p4.6"
"M1430","SBK1","p5.0"
"M1430","SBK1","p4.8"
"M1430","LgK1","p4.8"
"M1430","LgK1","p4.6"
"M1430","LgK2","p4.6"
"M1430","LgK2","p4.4"
"M1430","TRB1","p3.8"
"M1431","LgK1","p4.8"
"M1431","LgK1","p4.6"
"M1433","LgK2","p4.6"
"M1433","LgK2","p4.4"
"M1436","LgK2","p4.6"
"M1436","LgK2","p4.4"
"M1437","ENE0","p4.4"
"M1437","ENE0","p4.2"
"M1438","LgK1","p4.8"
"M1438","LgK1","p4.6"
"M1438","TRB2","p3.6"
"M1438","TRB2","p3.4"
"M1442","LgK2","p4.6"
"M1442","LgK2","p4.4"
"M1443","LgK2","p4.6"
"M1443","LgK2","p4.4"
"M1446","LgK2","p4.6"
"M1446","LgK2","p4.4"
"M1446","TRB1","p3.8"
"M1447","LgK2","p4.6"
"M1447","LgK2","p4.4"
"M1448","LgK2","p4.6"
"M1448","LgK2","p4.4"
"M1449","LgK2","p4.6"
"M1449","LgK2","p4.4"
"M1451","SBK1","p5.0"
"M1451","SBK1","p4.8"
"M1451","LgK1","p4.8"
"M1451","LgK1","p4.6"
"M1451","LgK2","p4.6"
"M1451","LgK2","p4.4"
"M1452","LgK2","p4.6"
"M1452","LgK2","p4.4"
"M1452","TRB1","p3.8"
"M1455","LgK2","p4.6"
"M1455","LgK2","p4.4"
"M1458","LgK2","p4.6"
"M1458","LgK2","p4.4"
"M1459","LgK2","p4.6"
"M1459","LgK2","p4.4"
"M1461","SBK1","p5.0"
"M1461","SBK1","p4.8"
"M1463","ENE0","p4.4"
"M1463","ENE0","p4.2"
"M1464","SBK1","p5.0"
"M1464","SBK1","p4.8"
"M1464","SBK2","p4.8"
"M1464","LgK2","p4.6"
"M1464","LgK2","p4.4"
"M1464","ENE0","p4.4"
"M1464","ENE0","p4.2"
"M1466","TRB2","p3.6"
"M1466","TRB2","p3.4"
"M1467","LgK1","p4.8"
"M1467","LgK1","p4.6"
"M1467","LgK2","p4.6"
"M1467","LgK2","p4.4"
"M1468","LgK2","p4.6"
"M1468","LgK2","p4.4"
"M1470","LgK2","p4.6"
"M1470","LgK2","p4.4"
"M1471","LgK2","p4.6"
"M1471","LgK2","p4.4"
"M1473","LgK2","p4.6"
"M1473","LgK2","p4.4"
"M1474","ENE0","p4.4"
"M1474","ENE0","p4.2"
"M1476","ENE0","p4.4"
"M1476","ENE0","p4.2"
"M1478","SBK1","p5.0"
"M1478","SBK1","p4.8"
"M1478","LgK2","p4.6"
"M1478","LgK2","p4.4"
"M1479","SBK1","p5.0"
"M1479","SBK1","p4.8"
"M1481","LgK2","p4.6"
"M1481","LgK2","p4.4"
"M1483","LgK2","p4.6"
"M1483","LgK2","p4.4"
"M1484","ENE0","p4.4"
"M1484","ENE0","p4.2"
"M1485","LgK2","p4.6"
"M1485","LgK2","p4.4"
"M1488","ENE0","p4.4"
"M1488","ENE0","p4.2"
"M1488","TRB1","p3.8"
"M1489","LgK2","p4.6"
"M1489","LgK2","p4.4"
"M1491","LgK2","p4.6"
"M1491","LgK2","p4.4"
"M1492","TRB1","p3.8"
"M1493","LgK2","p4.6"
"M1493","LgK2","p4.4"
"M1494","LgK2","p4.6"
"M1494","LgK2","p4.4"
"M1495","LgK2","p4.6"
"M1495","LgK2","p4.4"
"M1495","TRB1","p3.8"
"M1498","LgK2","p4.6"
"M1498","LgK2","p4.4"
"M1499","SBK1","p5.0"
"M1499","SBK1","p4.8"
"M1499","LgK2","p4.6"
"M1499","LgK2","p4.4"
"M1500","LgK2","p4.6"
"M1500","LgK2","p4.4"
"M1501","ENE0","p4.4"
"M1501","ENE0","p4.2"
"M1502","ENE0","p4.4"
"M1502","ENE0","p4.2"
"M1503","ENE0","p4.4"
"M1503","ENE0","p4.2"
"M1505","ENE0","p4.4"
"M1505","ENE0","p4.2"
"M1505","TRB2","p3.6"
"M1505","TRB2","p3.4"
"M1508","LgK1","p4.8"
"M1508","LgK1","p4.6"
"M1508","LgK2","p4.6"
"M1508","LgK2","p4.4"
"M1509","LgK2","p4.6"
"M1509","LgK2","p4.4"
"M1510","LgK2","p4.6"
"M1510","LgK2","p4.4"
"M1511","LgK2","p4.6"
"M1511","LgK2","p4.4"
"M1512","LgK1","p4.8"
"M1512","LgK1","p4.6"
"M1512","LgK2","p4.6"
"M1512","LgK2","p4.4"
"M1514","LgK2","p4.6"
"M1514","LgK2","p4.4"
"M1515","TRB2","p3.6"
"M1515","TRB2","p3.4"
"M1516","LgK2","p4.6"
"M1516","LgK2","p4.4"
"M1521","LgK1","p4.8"
"M1521","LgK1","p4.6"
"M1526","LgK2","p4.6"
"M1526","LgK2","p4.4"
"M1532","LgK2","p4.6"
"M1532","LgK2","p4.4"
"M1533","LgK2","p4.6"
"M1533","LgK2","p4.4"
"M1534","LgK2","p4.6"
"M1534","LgK2","p4.4"
"M1537","LgK1","p4.8"
"M1537","LgK1","p4.6"
"M1542","LgK2","p4.6"
"M1542","LgK2","p4.4"
"M1543","LgK1","p4.8"
"M1543","LgK1","p4.6"
"M1544","LgK1","p4.8"
"M1544","LgK1","p4.6"
"M1545","TRB1","p3.8"
"M1546","TRB1","p3.8"
"M1547","LgK1","p4.8"
"M1547","LgK1","p4.6"
"M1548","TRB1","p3.8"
"M1550","TRB1","p3.8"
"M1551","LgK2","p4.6"
"M1551","LgK2","p4.4"
"M1551","TRB2","p3.6"
"M1551","TRB2","p3.4"
"M1552","TRB1","p3.8"
"M1554","LgK2","p4.6"
"M1554","LgK2","p4.4"
"M1554","TRB1","p3.8"
"M1554","TRB2","p3.6"
"M1554","TRB2","p3.4"
"M1556","LgK1","p4.8"
"M1556","LgK1","p4.6"
"M1557","TRB1","p3.8"
"M1559","LgK1","p4.8"
"M1559","LgK1","p4.6"
"M1560","LgK2","p4.6"
"M1560","LgK2","p4.4"
"M1561","LgK2","p4.6"
"M1561","LgK2","p4.4"
"M1562","TRB2","p3.6"
"M1562","TRB2","p3.4"
"M1563","LgK2","p4.6"
"M1563","LgK2","p4.4"
"M1564","LgK1","p4.8"
"M1564","LgK1","p4.6"
"M1566","LgK1","p4.8"
"M1566","LgK1","p4.6"
"M1567","LgK2","p4.6"
"M1567","LgK2","p4.4"
"M1568","LgK2","p4.6"
"M1568","LgK2","p4.4"
"M1569","LgK2","p4.6"
"M1569","LgK2","p4.4"
"M1570","LgK2","p4.6"
"M1570","LgK2","p4.4"
"M1571","TRB2","p3.6"
"M1571","TRB2","p3.4"
"M1572","ENE0","p4.4"
"M1572","ENE0","p4.2"
"M1573","LgK1","p4.8"
"M1573","LgK1","p4.6"
"M1575","ENE0","p4.4"
"M1575","ENE0","p4.2"
"M1576","LgK2","p4.6"
"M1576","LgK2","p4.4"
"M1577","TRB2","p3.6"
"M1577","TRB2","p3.4"
"M1578","TRB2","p3.6"
"M1578","TRB2","p3.4"
"M1579","LgK2","p4.6"
"M1579","LgK2","p4.4"
"M1580","TRB1","p3.8"
"M1581","LgK2","p4.6"
"M1581","LgK2","p4.4"
"M1582","LgK2","p4.6"
"M1582","LgK2","p4.4"
"M1583","ENE0","p4.4"
"M1583","ENE0","p4.2"
